course_code,course_name_ko,course_name_en,credits,lecture_hours,lab_hours,course_level,default_category,default_subcategory,department,notes
AI2003,인공지능을 위한 수학,,3,3.0,0.0,2000,,,정보컴퓨팅대학 AI융합학과,
AI2004,시스템 프로그래밍,,3,3.0,1.0,2000,,,정보컴퓨팅대학 AI융합학과,
AI2050,자료 구조,,3,3.0,0.0,2000,,,정보컴퓨팅대학 AI융합학과,
AI2051,알고리즘 개론,,3,3.0,0.0,2000,,,정보컴퓨팅대학 AI융합학과,
AI2601,AI로봇개론,,3,3.0,0.0,2000,,,정보컴퓨팅대학 AI융합학과,
AI3001,오토마타 이론,,3,3.0,0.0,3000,,,정보컴퓨팅대학 AI융합학과,
AI3003,데이터 베이스 시스템,,3,3.0,0.0,3000,,,정보컴퓨팅대학 AI융합학과,
AI3004,운영체제,,3,3.0,0.0,3000,,,정보컴퓨팅대학 AI융합학과,
AI3050,프로그래밍 언어 및 컴파일러,,3,3.0,0.0,3000,,,정보컴퓨팅대학 AI융합학과,
AI3202,신호 및 시스템,,3,3.0,0.0,3000,,,,
AI3301,(MOOC 지정) 인공지능 로봇의 윤리,,3,3.0,0.0,3000,,,,
AI3501,컴퓨터 그래픽스,,3,3.0,0.0,3000,,,정보컴퓨팅대학 AI융합학과,
AI3601,핸즈온 AI로봇제작,,3,2.0,2.0,3000,,,정보컴퓨팅대학 AI융합학과,
AI4003,인공지능 경험랩,,3,1.0,4.0,4000,,,정보컴퓨팅대학 AI융합학과,
AI4004,컴퓨터 비전,,3,3.0,0.0,4000,,,정보컴퓨팅대학 AI융합학과,
AI4005,데이터 엔지니어링,,3,3.0,0.0,4000,,,,
AI4012,이산수학,,3,3.0,0.0,4000,,,,
AI4014,랜덤프로세스,,3,3.0,0.0,4000,,,,
AI4020,인공지능,,3,3.0,0.0,4000,,,정보컴퓨팅대학 AI융합학과,
AI4021,기계학습 및 딥러닝,,3,3.0,0.0,4000,,,정보컴퓨팅대학 AI융합학과,
AI4028,AI 산업 전략과 실전 프로젝트,,3,1.0,4.0,4000,,,정보컴퓨팅대학 AI융합학과,
AI4031,인공지능 거버넌스와 법,,3,3.0,0.0,4000,,,정보컴퓨팅대학 AI융합학과,
AI4050,소프트웨어 공학,,3,3.0,0.0,4000,,,,
AI4311,딥러닝,,3,3.0,0.0,4000,,,정보컴퓨팅대학 AI융합학과,
AI4312,문화기술을 위한 인공지능 설계,,3,3.0,0.0,4000,,,,
AI4450,지능형 모터 융합 프로젝트,,3,2.0,2.0,4000,,,,
AI4501,게임 인공지능,,3,3.0,0.0,4000,,,정보컴퓨팅대학 AI융합학과,
AI4601,인간-컴퓨터 상호작용,,3,3.0,0.0,4000,,,정보컴퓨팅대학 AI융합학과,
AI4701,인공지능 정책과 창업,,3,3.0,0.0,4000,,,,
AI4801,AI 융합 특론 I,,3,3.0,0.0,4000,,,정보컴퓨팅대학 AI융합학과,
AI4802,AI 융합 특론 Ⅱ,,2,2.0,0.0,4000,,,정보컴퓨팅대학 AI융합학과,
AI9102,학사논문연구 Ⅰ,,0,,,9000,,,정보컴퓨팅대학 AI융합학과,
AI9103,학사논문연구 Ⅱ,,0,,,9000,,,정보컴퓨팅대학 AI융합학과,
BS2101,유기화학 Ⅰ,,3,3.0,0.0,2000,,,생명·의과학융합대학 생명과학과,
BS2102,분자생물학,,3,3.0,0.0,2000,,,생명·의과학융합대학 생명과학과,
BS2103,생화학·분자생물학 실험,,3,1.0,4.0,2000,,,생명·의과학융합대학 생명과학과,
BS2104,생화학 I,,3,3.0,0.0,2000,,,생명·의과학융합대학 생명과학과,
BS2201,생명과학의 정량적 이해,,2,2.0,0.0,2000,,,생명·의과학융합대학 생명과학과,
BS2202,유전학,,3,3.0,0.0,2000,,,생명·의과학융합대학 생명과학과,
BS2203,발생생물학,,3,3.0,0.0,2000,,,생명·의과학융합대학 생명과학과,
BS2204,기초 해부조직학,,3,3.0,0.0,2000,,,생명·의과학융합대학 생명과학과,
BS2205,생명정보학 개론,,3,3.0,0.0,2000,,,생명·의과학융합대학 생명과학과,
BS2206,기초생물통계,,2,2.0,0.0,2000,,,생명·의과학융합대학 생명과학과,
BS3101,생화학 II,,3,3.0,0.0,3000,,,생명·의과학융합대학 생명과학과,
BS3105,세포생물학,,3,3.0,0.0,3000,,,생명·의과학융합대학 생명과학과,
BS3111,생화학·분자생물학 실험,,3,1.0,4.0,3000,,,,
BS3112,세포·발생생물학 실험,,3,1.0,4.0,3000,,,생명·의과학융합대학 생명과학과,
BS3113,생화학,,3,3.0,0.0,3000,,,,
BS3201,미생물학,,3,3.0,0.0,3000,,,생명·의과학융합대학 생명과학과,
BS3202,현대 유기화학,,3,3.0,0.0,3000,,,,
BS3204,생물물리 화학 입문,,3,3.0,0.0,3000,,,생명·의과학융합대학 생명과학과,
BS3205,환경생태학,,3,3.0,0.0,3000,,,생명·의과학융합대학 생명과학과,
BS3206,유전체학 개론 및 실습,,3,3.0,0.0,3000,,,생명·의과학융합대학 생명과학과,
BS3208,면역학,,3,3.0,0.0,3000,,,생명·의과학융합대학 생명과학과,
BS3209,생리학 I,,3,3.0,0.0,3000,,,생명·의과학융합대학 생명과학과,
BS3211,약물 개발을 위한 실험 모델,,2,2.0,0.0,3000,,,생명·의과학융합대학 생명과학과,
BS3212,유전자발현과 분석,,3,3.0,0.0,3000,,,생명·의과학융합대학 생명과학과,
BS3213,바이오이미징 개론,,3,3.0,0.0,3000,,,생명·의과학융합대학 생명과학과,
BS4201,고급화학실험,,3,3.0,0.0,4000,,,,
BS4202,생유기화학,,3,3.0,0.0,4000,,,,
BS4204,화학 통계역학,,3,3.0,0.0,4000,,,,
BS4205,면역학,,3,3.0,0.0,4000,,,,
BS4206,의약화학,,3,3.0,0.0,4000,,,생명·의과학융합대학 생명과학과,
BS4207,유기합성화학,,3,3.0,0.0,4000,,,,
BS4211,합성생물학,,3,3.0,0.0,4000,,,생명·의과학융합대학 생명과학과,
BS4212,물리화학 III,,3,3.0,0.0,4000,,,,
BS4213,의학 면역화학,,3,3.0,0.0,4000,,,생명·의과학융합대학 생명과학과,
BS4214,기초 구조생물학,,3,3.0,0.0,4000,,,생명·의과학융합대학 생명과학과,
BS4215,대사학,,3,3.0,0.0,4000,,,생명·의과학융합대학 생명과학과,
BS4216,단백질과 생명과학,,3,3.0,0.0,4000,,,생명·의과학융합대학 생명과학과,
BS4217,생리학 Ⅱ,,3,3.0,0.0,4000,,,생명·의과학융합대학 생명과학과,
BS4218,리보핵산생물학,,3,3.0,0.0,4000,,,생명·의과학융합대학 생명과학과,
BS4219,암생물학,,3,3.0,0.0,4000,,,생명·의과학융합대학 생명과학과,
BS4223,바이러스학,,3,3.0,0.0,4000,,,생명·의과학융합대학 생명과학과,
BS4224,신경생물학,,3,3.0,0.0,4000,,,생명·의과학융합대학 생명과학과,
BS4240,생물학도를 위한 바이오인포매틱스 강좌,,3,3.0,0.0,4000,,,생명·의과학융합대학 생명과학과,
BS9101,,,0,,,9000,,,,
BS9102,학사논문연구 I,,0,,,9000,,,생명·의과학융합대학 생명과학과,
BS9103,학사논문연구 II,,0,,,9000,,,생명·의과학융합대학 생명과학과,
CH2101,분석화학 및 실험,,4,2.0,4.0,2000,,,자연과학대학 화학과,
CH2102,물리화학A,,3,3.0,0.0,2000,,,자연과학대학 화학과,
CH2103,유기화학Ⅰ,,3,3.0,0.0,2000,,,자연과학대학 화학과,
CH2104,물리화학 B,,3,3.0,0.0,2000,,,자연과학대학 화학과,
CH2105,화학합성실험,,3,1.0,4.0,2000,,,자연과학대학 화학과,
CH2106,현대 유기화학,,3,3.0,0.0,2000,,,,
CH2201,유기화학 II,,3,3.0,0.0,2000,,,자연과학대학 화학과,
CH2301,화학수학,,3,3.0,0.0,2000,,,자연과학대학 화학과,
CH2401,화학전공연구 I,,1,0.0,3.0,2000,,,자연과학대학 화학과,
CH3104,물리화학 II,,3,3.0,0.0,3000,,,자연과학대학 화학과,
CH3106,생화학 Ⅰ,,3,3.0,0.0,3000,,,자연과학대학 화학과,
CH3107,무기화학,,3,3.0,0.0,3000,,,자연과학대학 화학과,
CH3111,유기금속화학,,3,3.0,0.0,3000,,,자연과학대학 화학과,
CH3205,물리유기화학,,3,3.0,0.0,3000,,,자연과학대학 화학과,
CH3207,고급화학실험,,3,1.0,4.0,3000,,,자연과학대학 화학과,
CH3208,무기화학 I,,3,3.0,0.0,3000,,,자연과학대학 화학과,
CH3209,우리의 미래와 화학,,1,1.0,0.0,3000,,,자연과학대학 화학과,
CH3210,현대 유기화학,,3,3.0,0.0,3000,,,자연과학대학 화학과,
CH3401,화학전공연구 Ⅱ,,1,0.0,3.0,3000,,,자연과학대학 화학과,
CH3402,화학전공연구 III,,1,0.0,3.0,3000,,,자연과학대학 화학과,
CH4201,유기분광학,,3,3.0,0.0,4000,,,자연과학대학 화학과,
CH4205,생유기화학과 바이오의약품,,3,3.0,0.0,4000,,,자연과학대학 화학과,
CH4208,무기화학 II,,3,3.0,0.0,4000,,,자연과학대학 화학과,
CH4211,화학 통계역학,,3,3.0,0.0,4000,,,자연과학대학 화학과,
CH4212,양자화학,,3,3.0,0.0,4000,,,자연과학대학 화학과,
CH4213,기기분석,,3,3.0,0.0,4000,,,자연과학대학 화학과,
CH4216,유기합성화학,,3,3.0,0.0,4000,,,자연과학대학 화학과,
CH4219,생화학 II,,3,3.0,0.0,4000,,,자연과학대학 화학과,
CH4220,물리화학의 응용,,3,3.0,0.0,4000,,,자연과학대학 화학과,
CH4221,계산화학,,3,3.0,0.0,4000,,,자연과학대학 화학과,
CH4222,에너지 변환과 저장,,3,3.0,0.0,4000,,,자연과학대학 화학과,
CH4223,생분석화학,,3,3.0,0.0,4000,,,자연과학대학 화학과,
CH4224,무기나노화학,,3,3.0,0.0,4000,,,자연과학대학 화학과,
CH4801,에너지 공학,,3,3.0,0.0,4000,,,자연과학대학 화학과,
CH4803,태양전지의 이해,,3,3.0,0.0,4000,,,자연과학대학 화학과,
CH9101,학사논문연구 3,,0,,,9000,,,,
CH9102,학사논문연구 I,,0,3.0,0.0,9000,,,자연과학대학 화학과,
CH9103,학사논문연구 II,,0,,,9000,,,자연과학대학 화학과,
CT2501,오타쿠 대중문화론,,3,3.0,0.0,2000,,,q 문화기술 부전공,
CT2502,현대 예술의 이해,,3,3.0,0.0,2000,,,q 문화기술 부전공,
CT2503,복소함수학 및 응용,,3,3.0,0.0,2000,,,,
CT2504,유토피아 픽션과 테크놀로지,,3,3.0,0.0,2000,,,q 문화기술 부전공,
CT2505,과학기술과 사회: 두 문화의 이해,,3,3.0,0.0,2000,,,q 문화기술 부전공,
CT2506,신화와 원형상징,,3,3.0,0.0,2000,,,q 문화기술 부전공,
CT2521,영웅과 반영웅 : 서구근대문학의 이해Ⅰ,,3,3.0,0.0,2000,,,q 문화기술 부전공,
CT2544,문화콘텐츠의 이해,,3,3.0,0.0,2000,,,q 문화기술 부전공,
CT2661,논리학 입문,,3,3.0,0.0,2000,,,q 문화기술 부전공,
CT2824,문명과 수학,,3,3.0,0.0,2000,,,q 문화기술 부전공,
CT2832,기술과 문화,,3,3.0,0.0,2000,,,q 문화기술 부전공,
CT4101,아이디어와 디지털 표현,,3,1.0,4.0,4000,,,q 문화기술 부전공,
CT4102,정보 시각화 방법과 디자인 사고,,3,3.0,0.0,4000,,,q 문화기술 부전공,
CT4201,컴퓨터 그래픽스,,3,3.0,0.0,4000,,,q 문화기술 부전공,
CT4202,영상 커뮤니케이션,,3,3.0,0.0,4000,,,q 문화기술 부전공,
CT4203,아트앤테크놀로지,,3,3.0,0.0,4000,,,q 문화기술 부전공,
CT4301,인간-컴퓨터 상호작용,,3,3.0,0.0,4000,,,q 문화기술 부전공,
CT4302,문화기술을 위한 인공지능 설계,,3,3.0,0.0,4000,,,q 문화기술 부전공,
CT4303,게임 인공지능,,3,3.0,0.0,4000,,,q 문화기술 부전공,
CT4304,피지컬 컴퓨팅 스튜디오,,3,3.0,0.0,4000,,,q 문화기술 부전공,
CT4305,서비스러닝 프로젝트,,3,3.0,0.0,4000,,,q 문화기술 부전공,
CT4310,인간-AI 상호작용: Special Topics on XR and Digital Twin,,3,3.0,0.0,4000,,,q 문화기술 부전공,
CT4504,과학계산 프로그래밍,,3,3.0,0.0,4000,,,q 문화기술 부전공,
CT4506,몬테카를로 방법론과 응용,,3,3.0,0.0,4000,,,q 문화기술 부전공,
EB2724,거시경제학원론,,3,3.0,0.0,2000,,,,
EB2726,글로벌 경제의 이해,,3,3.0,0.0,2000,,,,
EB2730,해외경제론,,3,3.0,0.0,2000,,,,
EB2732,행동경제학 1,,3,3.0,0.0,2000,,,,
EB2733,행동경제학 2,,3,3.0,0.0,2000,,,,
EB2739,미시경제학원론,,3,3.0,0.0,2000,,,,
EB2750,경영학원론,,3,3.0,0.0,2000,,,,
EB2751,전략경영 I,,3,3.0,0.0,2000,,,,
EB2752,기술혁신전략,,3,3.0,0.0,2000,,,,
EB2753,기술벤처창업론,,3,3.0,0.0,2000,,,,
EB2754,소셜네트워크 이론과 분석,,3,3.0,0.0,2000,,,,
EB3721,교육의 경제학,,3,3.0,0.0,3000,,,,
EB3722,(MOOC 지정)미시경제론,,3,3.0,0.0,3000,,,,
EB3725,사회복지와 재정,,3,3.0,0.0,3000,,,,
EB3735,한국의 경제발전,,3,3.0,0.0,3000,,,,
EB3736,통일독일과 남북통일,,3,3.0,0.0,3000,,,,
EB3737,거시경제론,,3,3.0,0.0,3000,,,,
EB3752,전략경영 II,,3,3.0,0.0,3000,,,,
EB3753,기업집단의 이해,,3,3.0,0.0,3000,,,,
EB3754,사회물리학: 네트워크적 접근,,3,3.0,0.0,3000,,,,
EB3765,재정학,,3,3.0,0.0,3000,,,,
EC2105,공학전자기학 I,,3,3.0,0.0,2000,,,정보컴퓨팅대학 전기전자컴퓨터공학과,
EC2107,기초공학수학 Ⅰ,,3,3.0,0.0,2000,,,정보컴퓨팅대학 전기전자컴퓨터공학과,
EC2201,회로이론,,3,3.0,0.0,2000,,,정보컴퓨팅대학 전기전자컴퓨터공학과,
EC2202,자료 구조,,3,3.0,0.0,2000,,,정보컴퓨팅대학 전기전자컴퓨터공학과,
EC2203,디지털 설계,,3,3.0,0.0,2000,,,정보컴퓨팅대학 전기전자컴퓨터공학과,
EC2204,컴퓨터 구조,,3,3.0,0.0,2000,,,정보컴퓨팅대학 전기전자컴퓨터공학과,
EC2205,공학전자기학 II,,3,3.0,0.0,2000,,,정보컴퓨팅대학 전기전자컴퓨터공학과,
EC2206,알고리즘 개론,,3,3.0,0.0,2000,,,정보컴퓨팅대학 전기전자컴퓨터공학과,
EC2207,기초공학수학 II,,3,3.0,0.0,2000,,,정보컴퓨팅대학 전기전자컴퓨터공학과,
EC3101,전자공학실험,,3,1.0,4.0,3000,,,정보컴퓨팅대학 전기전자컴퓨터공학과,
EC3102,컴퓨터 시스템 이론 및 실험,,4,2.0,4.0,3000,,,정보컴퓨팅대학 전기전자컴퓨터공학과,
EC3202,신호 및 시스템,,3,3.0,0.0,3000,,,정보컴퓨팅대학 전기전자컴퓨터공학과,
EC3204,프로그래밍 언어 및 컴파일러,,3,3.0,0.0,3000,,,정보컴퓨팅대학 전기전자컴퓨터공학과,
EC3206,반도체 재료 및 소자,,3,3.0,0.0,3000,,,정보컴퓨팅대학 전기전자컴퓨터공학과,
EC3207,전자회로,,3,3.0,0.0,3000,,,정보컴퓨팅대학 전기전자컴퓨터공학과,
EC3212,고급전자회로,,3,3.0,0.0,3000,,,정보컴퓨팅대학 전기전자컴퓨터공학과,
EC3214,마이크로프로세서 및 응용,,3,2.0,2.0,3000,,,정보컴퓨팅대학 전기전자컴퓨터공학과,
EC3215,시스템 프로그래밍,,3,3.0,1.0,3000,,,정보컴퓨팅대학 전기전자컴퓨터공학과,
EC3216,오토마타 이론,,3,3.0,0.0,3000,,,정보컴퓨팅대학 전기전자컴퓨터공학과,
EC3218,통신공학,,3,3.0,0.0,3000,,,정보컴퓨팅대학 전기전자컴퓨터공학과,
EC3219,시스템 모델링 및 제어,,3,3.0,0.0,3000,,,정보컴퓨팅대학 전기전자컴퓨터공학과,
EC3220,산업용 회로의 이해,,3,3.0,0.0,3000,,,정보컴퓨팅대학 전기전자컴퓨터공학과,
EC3221,물리전자 개론,,3,3.0,0.0,3000,,,정보컴퓨팅대학 전기전자컴퓨터공학과,
EC4202,디지털 집적회로,,3,3.0,0.0,4000,,,정보컴퓨팅대학 전기전자컴퓨터공학과,
EC4203,초고주파공학,,3,3.0,0.0,4000,,,정보컴퓨팅대학 전기전자컴퓨터공학과,
EC4204,데이터 베이스 시스템,,3,3.0,0.0,4000,,,정보컴퓨팅대학 전기전자컴퓨터공학과,
EC4205,운영체제,,3,3.0,0.0,4000,,,정보컴퓨팅대학 전기전자컴퓨터공학과,
EC4206,컴퓨터 네트워킹,,3,3.0,0.0,4000,,,정보컴퓨팅대학 전기전자컴퓨터공학과,
EC4207,그래프 이론,,3,3.0,0.0,4000,,,정보컴퓨팅대학 전기전자컴퓨터공학과,
EC4208,네트워크 로봇 실험,,3,1.0,4.0,4000,,,,
EC4209,인공 지능,,3,3.0,0.0,4000,,,정보컴퓨팅대학 전기전자컴퓨터공학과,
EC4210,랜덤 프로세스,,3,3.0,0.0,4000,,,정보컴퓨팅대학 전기전자컴퓨터공학과,
EC4211,디지털 신호처리,,3,3.0,0.0,4000,,,정보컴퓨팅대학 전기전자컴퓨터공학과,
EC4212,이산수학,,3,3.0,0.0,4000,,,정보컴퓨팅대학 전기전자컴퓨터공학과,
EC4213,기계학습 및 딥러닝,,3,3.0,0.0,4000,,,정보컴퓨팅대학 전기전자컴퓨터공학과,
EC4214,광공학개론,,3,3.0,0.0,4000,,,정보컴퓨팅대학 전기전자컴퓨터공학과,
EC4215,컴퓨터 그래픽스,,3,3.0,0.0,4000,,,정보컴퓨팅대학 전기전자컴퓨터공학과,
EC4216,컴퓨터 비젼,,3,3.0,0.0,4000,,,정보컴퓨팅대학 전기전자컴퓨터공학과,
EC4217,디지털 통신 시스템,,3,3.0,0.0,4000,,,,
EC4218,기초시각화,,3,3.0,0.0,4000,,,,
EC4219,소프트웨어공학,,3,3.0,0.0,4000,,,,
EC4220,통신회로실험,,3,1.0,4.0,4000,,,,
EC4221,지능형 모터 융합 프로젝트,,3,2.0,2.0,4000,,,,
EC4222,양자정보기술개론,,3,3.0,0.0,4000,,,,
EC4301,기초전기전자컴퓨터 특론 I,,3,3.0,0.0,4000,,,,
EC4302,기초전기전자컴퓨터 특론 II,,3,2.0,2.0,4000,,,,
EC4304,전력전자공학,,3,3.0,0.0,4000,,,,
EC4306,전력시스템공학,,3,3.0,0.0,4000,,,,
EC4307,배전시스템 공학,,3,3.0,0.0,4000,,,,
EC4308,반도체 공정 기초,,3,2.0,2.0,4000,,,,
EC4309,집적회로 설계 기초,,3,3.0,0.0,4000,,,,
EC4310,정보이론,,3,3.0,0.0,4000,,,,
EC4311,(MOOC 지정) 미래 반도체,,3,3.0,0.0,4000,,,,
EC4312,첨단 반도체 소자,,3,3.0,0.0,4000,,,,
EC4313,집적회로 소자,,3,3.0,0.0,4000,,,,
EC4314,스마트그리드와 전력전자 응용,,3,3.0,0.0,4000,,,,
EC4315,전력경제와 경영과학,,3,3.0,0.0,4000,,,,
EC4316,전력변환시스템의 기초,,3,3.0,0.0,4000,,,,
EC4317,무선전력전송,,3,3.0,0.0,4000,,,,
EC9101,학사논문연구 3,,0,,,9000,,,,
EC9102,학사논문연구 I,,0,,,9000,,,,
EC9103,학사논문연구 II,,0,,,9000,,,,
ET2101,에너지와 미래사회,,1,1.0,0.0,2000,,,,
ET4102,과학계산 프로그래밍,,3,3.0,0.0,4000,,,,
ET4201,정수론과 응용,,3,3.0,0.0,4000,,,,
ET4302,스마트그리드와 전력전자 응용,,3,3.0,0.0,4000,,,,
ET4303,전력경제와 경영과학,,3,3.0,0.0,4000,,,,
ET4304,몬테카를로 방법론과 응용,,3,3.0,0.0,4000,,,,
ET4306,그래프 이론,,3,3.0,0.0,4000,,,,
ET4501,이산수학,,3,3.0,0.0,4000,,,,
EV2208,분석화학,,4,2.0,4.0,2000,,,공과대학 환경·에너지공학과,
EV2209,환경모니터링,,3,3.0,0.0,2000,,,공과대학 환경·에너지공학과,
EV2210,(MOOC 지정)유체역학 I,,3,3.0,0.0,2000,,,공과대학 환경·에너지공학과,
EV2211,(MOOC 지정) 기후변화의 이해,,3,3.0,0.0,2000,,,공과대학 환경·에너지공학과,
EV2212,유전학,,3,3.0,0.0,2000,,,공과대학 환경·에너지공학과,
EV2213,유기화학Ⅰ,,3,3.0,0.0,2000,,,공과대학 환경·에너지공학과,
EV2214,환경에너지공학전공연구 I,,1,0.0,3.0,2000,,,공과대학 환경·에너지공학과,
EV2215,환경에너지공학전공연구 II,,1,0.0,3.0,2000,,,공과대학 환경·에너지공학과,
EV2216,수화학 기초,,3,3.0,0.0,2000,,,공과대학 환경·에너지공학과,
EV2217,물리화학 B,,3,3.0,0.0,2000,,,공과대학 환경·에너지공학과,
EV3101,환경에너지공학,,3,3.0,0.0,3000,,,공과대학 환경·에너지공학과,
EV3106,환경분석실험 I,,3,1.0,4.0,3000,,,공과대학 환경·에너지공학과,
EV3111,지구시스템과학,,3,3.0,0.0,3000,,,공과대학 환경·에너지공학과,
EV3112,환경・에너지과학통계,,3,3.0,0.0,3000,,,공과대학 환경·에너지공학과,
EV3205,환경 생태학,,3,3.0,0.0,3000,,,공과대학 환경·에너지공학과,
EV3213,유전학,,3,3.0,0.0,3000,,,,
EV3214,생유기화학과 바이오의약품,,3,3.0,0.0,3000,,,공과대학 환경·에너지공학과,
EV3215,생체재료,,3,3.0,0.0,3000,,,,
EV3216,생화학 II,,3,3.0,0.0,3000,,,,
EV3217,미생물학,,3,3.0,0.0,3000,,,,
EV3219,수리물리 I,,3,3.0,0.0,3000,,,,
EV3220,박막공학,,3,3.0,0.0,3000,,,,
EV3223,생화학 Ⅰ,,3,3.0,0.0,3000,,,,
EV4106,고분자과학,,3,3.0,0.0,4000,,,,
EV4107,환경분석실험 II,,3,1.0,4.0,4000,,,공과대학 환경·에너지공학과,
EV4201,반도체공학,,3,3.0,0.0,4000,,,,
EV4202,생지화학,,3,3.0,0.0,4000,,,,
EV4203,해양물리,,3,3.0,0.0,4000,,,,
EV4204,환경공정 단위조작,,3,3.0,0.0,4000,,,,
EV4205,재료의 전기적 성질,,3,1.0,4.0,4000,,,,
EV4209,전기화학,,3,3.0,0.0,4000,,,,
EV4211,대기오염공학,,3,3.0,0.0,4000,,,,
EV4212,수화학,,3,3.0,0.0,4000,,,,
EV4213,환경 독성학 기초,,3,3.0,0.0,4000,,,,
EV4214,대기화학과 기후변화 Ⅰ,,3,3.0,0.0,4000,,,,
EV4215,재료 분석,,3,3.0,0.0,4000,,,,
EV4216,환경화학,,3,3.0,0.0,4000,,,,
EV4217,대기화학과 기후변화 Ⅱ,,3,3.0,0.0,4000,,,,
EV4218,표면물리화학,,3,3.0,0.0,4000,,,,
EV4221,대기오염물질 측정 및 실습,,3,2.0,2.0,4000,,,,
EV4222,대기질 연구 최신 동향,,3,3.0,0.0,4000,,,,
EV4223,기기분석,,3,3.0,0.0,4000,,,,
EV4224,대기질 자료 분석과 응용 I,,3,3.0,0.0,4000,,,,
EV4226,상하수도 공학,,3,3.0,0.0,4000,,,,
EV4227,화학반응공학,,3,3.0,0.0,4000,,,,
EV4228,환경열역학,,3,3.0,0.0,4000,,,,
EV4229,에너지화학,,3,2.0,2.0,4000,,,,
EV4230,멤브레인 과학과 기술,,3,3.0,0.0,4000,,,,
EV4231,해수담수화 공학,,3,3.0,0.0,4000,,,,
EV4232,물리화학적 처리공정,,3,3.0,0.0,4000,,,,
EV4233,환경분리기술,,3,3.0,0.0,4000,,,,
EV4234,지구물질과학,,3,3.0,0.0,4000,,,,
EV4235,나노공학의 환경영향,,3,3.0,0.0,4000,,,,
EV4236,과학적 사고와 표현,,3,3.0,0.0,4000,,,,
EV4237,휘발성 대기 오염물,,3,3.0,0.0,4000,,,,
EV4238,환경 데이터 분석을 위한 기계 학습,,3,3.0,0.0,4000,,,,
EV4239,통계 추론 및 환경 빅데이터 분석,,3,3.0,0.0,4000,,,,
EV4240,딥러닝 환경 빅데이터 적용,,3,3.0,0.0,4000,,,,
EV4241,에너지재료개론,,3,3.0,0.0,4000,,,,
EV4242,환경에너지촉매,,3,3.0,0.0,4000,,,,
EV4243,열물질전달,,3,3.0,0.0,4000,,,,
EV9101,,,0,,,9000,,,,
EV9102,학사논문연구 I,,0,,,9000,,,,
EV9103,학사논문연구 II,,0,,,9000,,,,
FE2301,회로이론,,3,3.0,0.0,2000,,,생명·의과학융합대학 의생명공학과,
FE3301,산업용 회로의 이해,,3,3.0,0.0,3000,,,생명·의과학융합대학 의생명공학과,
FE4102,에너지공학,,3,3.0,0.0,4000,,,생명·의과학융합대학 의생명공학과,
FE4201,에너지 변환과 저장,,3,3.0,0.0,4000,,,생명·의과학융합대학 의생명공학과,
FE4302,스마트그리드와 전력전자 응용,,3,3.0,0.0,4000,,,생명·의과학융합대학 의생명공학과,
FE4303,전력경제와 경영과학,,3,3.0,0.0,4000,,,생명·의과학융합대학 의생명공학과,
FE4304,전력전자공학,,3,3.0,0.0,4000,,,생명·의과학융합대학 의생명공학과,
FE4306,전력시스템공학,,3,3.0,0.0,4000,,,생명·의과학융합대학 의생명공학과,
FE4308,전력변환시스템의 기초,,3,3.0,0.0,4000,,,생명·의과학융합대학 의생명공학과,
FE4309,무선전력전송,,3,3.0,0.0,4000,,,생명·의과학융합대학 의생명공학과,
FE4310,인간-AI 상호작용: Special Topics on XR and Digital Twin,,3,3.0,0.0,4000,,,생명·의과학융합대학 의생명공학과,
FE4501,태양전지의 이해,,3,3.0,0.0,4000,,,생명·의과학융합대학 의생명공학과,
GS0101,"축구, 테니스, 농구, 배드민턴, 탁구, 요가, 골프, 힙합댄스, 태권도, 헬스, 수영, 볼링,",,0,2.0,0.0,0,,,,
GS0201,"피아노, 플룻, 바이올린, 첼로, 클라리넷, 어쿠스틱기타, 일렉기타, 베이스기타, 드럼,",,0,2.0,0.0,0,,,,
GS1001,미적분학과 응용,,3,3.0,1.0,1000,,,,
GS1011,고급미적분학과 응용,,3,3.0,1.0,1000,,,,
GS1101,일반물리학 및 연습 I,,3,3.0,1.0,1000,,,,
GS1102,일반물리학 및 연습 Ⅱ,,3,3.0,1.0,1000,,,,
GS1103,고급일반물리학 및 연습 I,,3,3.0,1.0,1000,,,,
GS1104,고급일반물리학 및 연습 Ⅱ,,3,3.0,1.0,1000,,,,
GS1111,일반물리학 실험 I,,1,0.0,2.0,1000,,,,
GS1112,일반물리학 실험 Ⅱ,,1,0.0,2.0,1000,,,,
GS1201,일반화학 및 연습 I,,3,3.0,1.0,1000,,,,
GS1202,일반화학 및 연습 Ⅱ,,3,3.0,1.0,1000,,,,
GS1203,고급일반화학 및 연습 Ⅰ,,3,3.0,1.0,1000,,,,
GS1204,고급일반화학 및 연습 Ⅱ,,3,3.0,1.0,1000,,,,
GS1205,현대화학의 이해,,1,1.0,0.0,1000,,,,
GS1211,일반화학실험 Ⅰ,,1,0.0,2.0,1000,,,,
GS1212,일반화학실험 Ⅱ,,1,0.0,2.0,1000,,,,
GS1213,고급 일반화학 실험,,2,0.0,4.0,1000,,,,
GS1301,생물학,,3,3.0,0.0,1000,,,,
GS1302,인간 생물학,,3,3.0,0.0,1000,,,,
GS1303,고급일반생물학,,3,3.0,0.0,1000,,,,
GS1304,현대 생명과학의 이해,,1,1.0,0.0,1000,,,,
GS1311,일반생물학 실험,,1,0.0,2.0,1000,,,,
GS1321,교양 생물학,,3,3.0,0.0,1000,,,,
GS1322,생명과학속 이야기들,,3,3.0,0.0,1000,,,,
GS1401,컴퓨터 프로그래밍,,3,3.0,1.0,1000,,,,
GS1402,"어쿠스틱기타, 일렉기타, 베이스기타, 드럼, 보컬,",,3,3.0,0.0,1000,,,,
GS1421,인공지능 입문,,3,3.0,0.0,1000,,,,
GS1431,현대기계공학,,3,3.0,0.0,1000,,,,
GS1432,기계로봇공학개론,,3,2.0,2.0,1000,,,,
GS1451,소재와 미래과학기술,,1,1.0,0.0,1000,,,,
GS1471,환경·에너지연구 현장실습,,2,0.0,4.0,1000,,,,
GS1490,SW기초와 코딩,,2,1.0,2.0,1000,,,,
GS1491,SW코딩과 AI활용,,1,1.0,0.0,1000,,,,
GS1496,(MOOC 지정) 기계학습을 위한 수학: 선형대수학,,1,1.0,0.0,1000,,,,
GS1497,(MOOC 지정)기계학습을 위한 수학: PCA,,1,1.0,0.0,1000,,,,
GS1498,(MOOC 지정)기계학습을 위한 수학: 다변량 미적분학,,1,1.0,0.0,1000,,,,
GS1499,(MOOC 지정) 파이썬 기초,,2,1.0,2.0,1000,,,,
GS1511,글쓰기의 기초: 논리적 글쓰기,,3,3.0,0.0,1000,,,,
GS1512,글쓰기의 기초: 학술적 글쓰기,,3,3.0,0.0,1000,,,,
GS1513,글쓰기의 기초: 창의적 글쓰기,,3,3.0,0.0,1000,,,,
GS1531,심화 글쓰기: 과학 글쓰기,,3,3.0,0.0,1000,,,,
GS1532,심화 글쓰기: 고전 읽기와 글쓰기,,3,3.0,0.0,1000,,,,
GS1533,심화 글쓰기: 비평적 글쓰기,,3,3.0,0.0,1000,,,,
GS1535,심화 글쓰기: AI 시대의 글쓰기와 나,,3,3.0,0.0,1000,,,,
GS1541,기초음악이론,,3,3.0,0.0,1000,,,,
GS1601,영어 I: 신입생 영어,,2,3.0,0.0,1000,,,,
GS1603,영어 I: 발표와 토론,,2,3.0,0.0,1000,,,,
GS1605,실용적 대화법,,2,3.0,0.0,1000,,,,
GS1606,과학 기사 읽기,,2,3.0,0.0,1000,,,,
GS1607,학술영어,,2,3.0,0.0,1000,,,,
GS1750,"AI 와 블록체인, 투자와 금융",,2,2.0,0.0,1000,,,,
GS1901,GIST 새내기,,0,3.0,0.0,1000,,,,
GS1902,기초 한국어,,0,3.0,0.0,1000,,,,
GS1903,초급 한국어 1,,2,3.0,0.0,1000,,,,
GS1904,초급 한국어 2,,2,3.0,0.0,1000,,,,
GS1905,중급 한국어,,2,3.0,0.0,1000,,,,
GS1906,한국어 어휘 연습,,2,3.0,0.0,1000,,,,
GS2001,다변수해석학과 응용,,3,3.0,1.0,2000,,,,
GS2002,미분방정식과 응용,,3,3.0,1.0,2000,,,,
GS2004,선형대수학과 응용,,3,3.0,1.0,2000,,,,
GS2006,미적분학과 응용,,3,3.0,0.0,2000,,,,
GS2007,고급미적분학과 응용,,3,3.0,0.0,2000,,,,
GS2013,기초미분방정식과 선형대수의 응용,,3,3.0,1.0,2000,,,,
GS2104,물리학의 역사와 철학,,3,3.0,0.0,2000,,,,
GS2202,물리화학 I,,3,3.0,0.0,2000,,,,
GS2204,현대화학의 이해,,1,1.0,0.0,2000,,,,
GS2206,목표지향적 화학 그룹스터디,,2,1.0,3.0,2000,,,,
GS2303,영어 Ⅱ: 이공계 글쓰기 입문,,1,1.0,0.0,2000,,,,
GS2311,소프트웨어 기초와 코딩,,3,3.0,1.0,2000,,,,
GS2407,"드로잉, 수채화",,3,3.0,0.0,2000,,,,
GS2408,객체 지향 프로그래밍,,3,3.0,1.0,2000,,,,
GS2409,(MOOC 지정)풀스택 자바스크립트,,2,4.0,0.0,2000,,,,
GS2420,(MOOC 지정) 알고리즘 기반 논리적 사고 - 기초,,1,1.0,0.0,2000,,,,
GS2421,(MOOC 지정) 알고리즘 기반 논리적 사고 - 심화,,1,1.0,0.0,2000,,,,
GS2422,(MOOC지정) 기계학습: 예측 및 분류,,1,1.0,0.0,2000,,,,
GS2471,환경에너지과학,,3,3.0,0.0,2000,,,,
GS2472,기후변화: 대응 및 적응,,3,3.0,0.0,2000,,,,
GS2473,환경에너지공학개론,,1,1.0,0.0,2000,,,,
GS2474,지속가능한 발전의 시대,,3,3.0,0.0,2000,,,,
GS2475,환경오염,,3,3.0,0.0,2000,,,,
GS2476,탄소중립과 에너지기술개론,,3,3.0,0.0,2000,,,,
GS2501,이야기 문학과 삶,,3,3.0,0.0,2000,,,,
GS2503,한국현대소설의 이해,,3,3.0,0.0,2000,,,,
GS2505,고전시가의 이해,,3,3.0,0.0,2000,,,,
GS2506,한국현대시인론,,3,3.0,0.0,2000,,,,
GS2507,시의 이해,,3,3.0,0.0,2000,,,,
GS2509,한국현대소설의 사회적 성찰,,3,3.0,0.0,2000,,,,
GS2510,한국고전문학과 사상,,3,3.0,0.0,2000,,,,
GS2511,현대시 읽기,,3,3.0,0.0,2000,,,,
GS2512,한국소설 속의 여성들,,3,3.0,0.0,2000,,,,
GS2521,영웅과 반영웅: 서구근대문학의 이해 I,,3,3.0,0.0,2000,,,,
GS2522,개성과 정체성: 영미 성장기 문학,,3,3.0,0.0,2000,,,,
GS2523,영미단편소설 읽기,,3,3.0,0.0,2000,,,,
GS2524,현대기계공학,,3,3.0,0.0,2000,,,,
GS2525,소재와 미래과학기술,,3,3.0,0.0,2000,,,,
GS2526,지구·환경연구 현장실습,,3,3.0,0.0,2000,,,,
GS2541,서양음악의 이해,,3,3.0,0.0,2000,,,GIST대학 공통과목 과목구분,
GS2542,오페라와 판소리,,3,3.0,0.0,2000,,,GIST대학 공통과목 과목구분,
GS2543,현대 예술의 이해,,3,3.0,0.0,2000,,,GIST대학 공통과목 과목구분,
GS2544,기후변화: 대응 및 적응,,3,3.0,0.0,2000,,,GIST대학 공통과목 과목구분,
GS2545,예술과 과학,,3,3.0,0.0,2000,,,,
GS2601,지구환경공학개론,,3,3.0,0.0,2000,,,,
GS2602,한국사의 이해,,3,3.0,0.0,2000,,,,
GS2603,동아시아의 근대화,,3,3.0,0.0,2000,,,,
GS2611,국제관계의 역사,,3,3.0,0.0,2000,,,,
GS2612,인류세의 우리,,3,3.0,0.0,2000,,,,
GS2613,우주와 생명,,3,3.0,0.0,2000,,,,
GS2614,아름다운 지구,,3,3.0,0.0,2000,,,,
GS2615,인간과 바다,,3,3.0,0.0,2000,,,,
GS2616,물리화학 I,,3,3.0,0.0,2000,,,,
GS2618,지구환경과학,,3,3.0,0.0,2000,,,,
GS2620,철학의 근본 문제들,,3,3.0,0.0,2000,,,,
GS2621,실용적 대화법,,3,3.0,0.0,2000,,,,
GS2625,과학 기사 읽기,,3,3.0,0.0,2000,,,,
GS2627,영어 토론과 논증,,3,3.0,0.0,2000,,,,
GS2651,영어 토론과 논증,,2,3.0,0.0,2000,,,,
GS2652,영어 II : 이공계 글쓰기 입문,,2,3.0,0.0,2000,,,,
GS2653,연구 윤리의 이해와 토론,,2,3.0,0.0,2000,,,,
GS2654,창의적 영어 표현법,,2,3.0,0.0,2000,,,,
GS2655,디지털 시대의 저널리즘과 과학 기사 쓰기,,2,3.0,0.0,2000,,,,
GS2661,논리와 비판적 사고,,3,3.0,0.0,2000,,,,
GS2701,한국사회의 이해,,3,3.0,0.0,2000,,,,
GS2702,미국사회의 이해,,3,3.0,0.0,2000,,,,
GS2703,"세계화와 발전: 세계의 정치, 경제, 문화 지형",,3,3.0,0.0,2000,,,,
GS2704,기업과 사회Ⅰ,,3,3.0,0.0,2000,,,,
GS2705,"정보사회론: 기술, 미디어, 대중문화",,3,3.0,0.0,2000,,,,
GS2706,세계정치의 변환,,3,3.0,0.0,2000,,,,
GS2707,오타쿠 대중문화론,,3,3.0,0.0,2000,,,,
GS2708,기업과 사회 Ⅱ,,3,3.0,0.0,2000,,,,
GS2709,한국 현대정치사,,3,3.0,0.0,2000,,,,
GS2724,거시경제학,,3,3.0,0.0,2000,,,,
GS2725,사회복지와 재정,,3,3.0,0.0,2000,,,,
GS2726,글로벌 경제의 이해,,3,3.0,0.0,2000,,,,
GS2727,동아시아 경제론,,3,3.0,0.0,2000,,,,
GS2728,세계화 시대의 경제정책,,3,3.0,0.0,2000,,,,
GS2730,해외경제론,,3,3.0,0.0,2000,,,,
GS2731,미시경제학,,3,3.0,0.0,2000,,,,
GS2732,행동경제학 1,,3,3.0,0.0,2000,,,,
GS2733,행동경제학 2,,3,3.0,0.0,2000,,,,
GS2734,행복의 조건,,3,3.0,0.0,2000,,,,
GS2735,한국의 경제발전,,3,3.0,0.0,2000,,,,
GS2736,통일독일과 남북 통일,,3,3.0,0.0,2000,,,,
GS2742,인간의 마음과 행동 1,,3,3.0,0.0,2000,,,,
GS2743,인간의 마음과 행동 2,,3,3.0,0.0,2000,,,,
GS2747,인간관계의 심리학,,3,3.0,0.0,2000,,,,
GS2748,언어와 마음: 언어심리학적 접근,,3,3.0,0.0,2000,,,,
GS2750,경영학원론,,3,3.0,0.0,2000,,,,
GS2751,전략경영 I,,3,3.0,0.0,2000,,,,
GS2752,기술혁신전략,,3,3.0,0.0,2000,,,,
GS2761,인권법: 현대사회의 인권 문제들,,3,3.0,0.0,2000,,,,
GS2762,철학의 근본 문제들,,3,3.0,0.0,2000,,,,
GS2763,논리와 비판적 사고,,3,3.0,0.0,2000,,,,
GS2765,한국사회의 이해,,3,3.0,0.0,2000,,,,
GS2781,미국사회의 이해,,3,3.0,0.0,2000,,,,
GS2782,"세계화와 발전: 세계의 정치, 경제, 문화 지형",,3,3.0,0.0,2000,,,,
GS2783,기업과 사회Ⅰ,,3,3.0,0.0,2000,,,,
GS2784,"정보사회론: 기술, 미디어, 대중문화",,3,3.0,0.0,2000,,,,
GS2785,세계정치의 변환,,3,3.0,0.0,2000,,,,
GS2786,오타쿠 대중문화론,,3,3.0,0.0,2000,,,,
GS2787,기업과 사회 Ⅱ,,3,3.0,0.0,2000,,,,
GS2788,한국 현대정치사,,3,3.0,0.0,2000,,,,
GS2791,유라시아 깊이 읽기,,3,3.0,0.0,2000,,,GIST대학 공통과목 과목구분,
GS2792,커뮤니케이션론 I,,3,3.0,0.0,2000,,,GIST대학 공통과목 과목구분,
GS2793,커뮤니케이션론 II,,3,3.0,0.0,2000,,,GIST대학 공통과목 과목구분,
GS2801,연구윤리,,3,3.0,0.0,2000,,,,
GS2802,과학기술정책론,,2,2.0,0.0,2000,,,,
GS2803,거시경제학,,3,3.0,0.0,2000,,,,
GS2804,에너지와 인간,,2,2.0,0.0,2000,,,GIST대학 공통과목 과목구분,
GS2806,우주와 생명,,3,3.0,0.0,2000,,,,
GS2807,현대과학 고전 논문 강독,,3,3.0,0.0,2000,,,,
GS2809,아름다운 지구,,3,3.0,0.0,2000,,,,
GS2810,빅히스토리: 우주와 인간의 역사,,3,3.0,0.0,2000,,,GIST대학 공통과목 과목구분,
GS2811,인간과 바다,,3,3.0,0.0,2000,,,,
GS2812,생명윤리와 법,,3,3.0,0.0,2000,,,,
GS2814,바른 논문쓰기(이해와 토론),,3,3.0,0.0,2000,,,,
GS2815,문화공학 I,,3,3.0,0.0,2000,,,GIST대학 공통과목 과목구분,
GS2816,문화공학 II,,3,3.0,0.0,2000,,,GIST대학 공통과목 과목구분,
GS2817,문화와 도시재생 연구,,3,3.0,0.0,2000,,,GIST대학 공통과목 과목구분,
GS2818,융합사고론,,3,3.0,0.0,2000,,,GIST대학 공통과목 과목구분,
GS2819,이미지론: 보는 법,,3,3.0,0.0,2000,,,GIST대학 공통과목 과목구분,
GS2821,대중강연:융합시대의 리더 육성 프로젝트,,2,2.0,0.0,2000,,,GIST대학 공통과목 과목구분,
GS2822,AI와 나,,2,2.0,0.0,2000,,,인문사회과학 부전공 q 문학과 역사,
GS2823,수학의 위대한 순간들 - AI,,3,3.0,0.0,2000,,,인문사회과학 부전공 q 문학과 역사,
GS2824,문명과 수학,,3,3.0,0.0,2000,,,인문사회과학 부전공 q 문학과 역사,
GS2825,연구자 되기,,3,3.0,0.0,2000,,,인문사회과학 부전공 q 문학과 역사,
GS2831,글로벌 경제의 이해,,3,3.0,0.0,2000,,,,
GS2832,동아시아 경제론,,3,3.0,0.0,2000,,,,
GS2833,세계화 시대의 경제정책,,3,3.0,0.0,2000,,,,
GS2834,해외경제론,,3,3.0,0.0,2000,,,,
GS2835,인간과 식물,,3,3.0,0.0,2000,,,,
GS2836,(MOOC 지정) 기후변화와 미래기술,,3,3.0,0.0,2000,,,,
GS2840,신기술 거버넌스,,3,3.0,0.0,2000,,,인문사회과학 부전공 q 문학과 역사,
GS2911,중국어 1,,2,2.0,0.0,2000,,,인문사회과학 부전공 q 문학과 역사,
GS2912,중국어 2,,2,2.0,0.0,2000,,,인문사회과학 부전공 q 문학과 역사,
GS2913,한자와 한문의 기초,,2,2.0,0.0,2000,,,인문사회과학 부전공 q 문학과 역사,
GS2921,스페인의 문화와 언어,,2,2.0,0.0,2000,,,인문사회과학 부전공 q 문학과 역사,
GS2922,중급스페인어,,2,2.0,0.0,2000,,,인문사회과학 부전공 q 문학과 역사,
GS2931,독일어 1,,2,2.0,0.0,2000,,,인문사회과학 부전공 q 문학과 역사,
GS2932,독일어 2,,2,2.0,0.0,2000,,,인문사회과학 부전공 q 문학과 역사,
GS2933,일본어 문법,,2,2.0,0.0,2000,,,인문사회과학 부전공 q 문학과 역사,
GS2934,환경모니터링,,3,3.0,0.0,2000,,,,
GS2935,환경문해력,,3,3.0,0.0,2000,,,,
GS3001,해석학과 응용,,3,3.0,0.0,3000,,,,
GS3012,수학적 모델링,,2,3.0,3.0,3000,,,,
GS3015,미분방정식과 응용,,3,3.0,0.0,3000,,,,
GS3301,세포물리 생물학,,2,3.0,0.0,3000,,,,
GS3311,"힙합댄스, 태권도, 헬스, 풋살, 수영, 볼링, 야구",,3,3.0,0.0,3000,,,,
GS3401,(MOOC 지정) 프론트엔드 웹 개발,,2,4.0,0.0,3000,,,,
GS3402,(MOOC 지정) 알고리즘 응용 및 실습,,1,2.0,0.0,3000,,,,
GS3501,이상,,3,3.0,0.0,3000,,,,
GS3502,한시적으로,,3,3.0,0.0,3000,,,,
GS3504,디지털 시대의 저널리즘과 과학 기사 쓰기,,3,3.0,0.0,3000,,,,
GS3506,서양연극사,,3,3.0,0.0,3000,,,인문사회과학 부전공 q 문학과 역사,
GS3507,콘텐츠 기획과 제작,,3,3.0,0.0,3000,,,인문사회과학 부전공 q 문학과 역사,
GS3566,서양연극사,,2,2.0,0.0,3000,,,GIST대학 공통과목 과목구분,
GS3601,영어 III. 이공계 논문쓰기,,3,3.0,0.0,3000,,,,
GS3602,소프트웨어 활용과 코딩,,3,3.0,0.0,3000,,,,
GS3603,이야기 문학과 삶,,3,3.0,0.0,3000,,,,
GS3604,한국현대소설의 이해,,3,3.0,0.0,3000,,,,
GS3621,고전시가의 이해,,3,3.0,0.0,3000,,,,
GS3623,한문으로 읽는 동양고전,,3,3.0,0.0,3000,,,,
GS3624,동양철학 세미나,,3,3.0,0.0,3000,,,,
GS3626,현대중국과 동아시아 지정학,,3,3.0,0.0,3000,,,,
GS3631,행동경제학 1,,3,3.0,0.0,3000,,,,
GS3632,행동경제학 2,,3,3.0,0.0,3000,,,,
GS3633,행복의 조건,,3,3.0,0.0,3000,,,,
GS3651,영어 III. 이공계 논문쓰기,,2,3.0,0.0,3000,,,,
GS3662,현대시 읽기,,3,3.0,0.0,3000,,,,
GS3663,한국의 경제발전,,3,3.0,0.0,3000,,,,
GS3721,통일독일과 남북 통일,,3,3.0,0.0,3000,,,,
GS3751,인간의 마음과 행동 1,,3,3.0,0.0,3000,,,,
GS3752,인간의 마음과 행동 2,,3,3.0,0.0,3000,,,,
GS3753,인간관계의 심리학,,3,3.0,0.0,3000,,,,
GS3762,언어와 마음: 언어심리학적 접근,,3,3.0,0.0,3000,,,,
GS3763,경영학원론,,3,3.0,0.0,3000,,,,
GS3764,전략경영 I,,3,3.0,0.0,3000,,,,
GS3801,한국소설 속의 여성들,,3,3.0,0.0,3000,,,,
GS3802,영웅과 반영웅: 서구근대문학의 이해 I,,3,3.0,0.0,3000,,,,
GS3803,개성과 정체성: 영미 성장기 문학,,3,3.0,0.0,3000,,,,
GS3804,현대고급기기분석,,3,2.0,2.0,3000,,,,
GS3861,기술혁신전략,,3,3.0,0.0,3000,,,,
GS3901,영미단편소설 읽기,,2,2.0,0.0,3000,,,,
GS4002,선형대수학과 응용,,3,3.0,0.0,4000,,,,
GS4003,기초미분방정식과 선형대수의 응용,,3,3.0,0.0,4000,,,,
GS4004,일반물리학 및 연습 Ⅰ,,3,3.0,0.0,4000,,,,
GS4005,고급일반물리학 및 연습 Ⅰ,,3,3.0,0.0,4000,,,,
GS4006,일반물리학 실험 Ⅰ,,3,3.0,0.0,4000,,,,
GS4007,기하학,,3,3.0,0.0,4000,,,,
GS4008,몬테카를로 방법론과 응용,,3,3.0,0.0,4000,,,,
GS4009,그래프 이론,,3,3.0,0.0,4000,,,,
GS4010,이산수학,,3,3.0,0.0,4000,,,,
GS4015,과학계산,,3,3.0,0.0,4000,,,,
GS4016,위상수학 개론,,3,3.0,0.0,4000,,,,
GS4017,고급일반생물학,,3,3.0,1.0,4000,,,,
GS4018,일반생물학 실험,,3,3.0,1.0,4000,,,,
GS4019,컴퓨터 프로그래밍,,3,3.0,0.0,4000,,,,
GS4301,진화생물학 및 실험,,2,3.0,2.0,4000,,,,
GS4471,인류세의 우리,,1,1.0,0.0,4000,,,,
GS4472,지구 시스템 분석,,3,0.0,3.0,4000,,,,
GS4741,인권법: 현대사회의 인권 문제들,,3,3.0,0.0,4000,,,,
GS4761,인공지능 로봇의 윤리,,3,3.0,0.0,4000,,,,
GS4762,인공지능 로봇의 법,,3,3.0,0.0,4000,,,,
HS2502,한국문학사의 쟁점,,3,3.0,0.0,2000,,,,
HS2503,한국현대소설의 이해,,3,3.0,0.0,2000,,,,
HS2505,고전시가의 이해,,3,3.0,0.0,2000,,,,
HS2506,한국현대시인론,,3,3.0,0.0,2000,,,,
HS2507,(MOOC 지정)시의 이해,,3,3.0,0.0,2000,,,,
HS2509,한국현대소설의 사회적 성찰,,3,3.0,0.0,2000,,,,
HS2510,한국고전문학과 사상,,3,3.0,0.0,2000,,,,
HS2511,현대시 읽기,,3,3.0,0.0,2000,,,,
HS2512,한국소설 속의 여성들,,3,3.0,0.0,2000,,,,
HS2521,영웅과 반영웅 : 서구근대문학의 이해Ⅰ,,3,3.0,0.0,2000,,,,
HS2522,개성과 정체성: 성장소설의 이해,,3,3.0,0.0,2000,,,,
HS2523,영어단편소설읽기,,3,3.0,0.0,2000,,,,
HS2524,희극의 발견,,3,3.0,0.0,2000,,,,
HS2525,근대의 모험: 서구근대문학의 이해 Ⅱ,,3,3.0,0.0,2000,,,,
HS2526,문학과 연인들,,3,3.0,0.0,2000,,,,
HS2544,문화콘텐츠의 이해,,3,3.0,0.0,2000,,,,
HS2581,한국문화의이해,,3,3.0,0.0,2000,,,,
HS2582,한글의역사,,3,3.0,0.0,2000,,,,
HS2601,동아시아의 전통과 현대,,3,3.0,0.0,2000,,,,
HS2602,한국사의 이해,,3,3.0,0.0,2000,,,,
HS2603,동아시아의 근대화,,3,3.0,0.0,2000,,,,
HS2605,한국의 문화유산,,3,3.0,0.0,2000,,,,
HS2611,국제관계의 역사,,3,3.0,0.0,2000,,,,
HS2612,서양 고대와 중세 문명,,3,3.0,0.0,2000,,,,
HS2613,현대서양의 형성과 전개,,3,3.0,0.0,2000,,,,
HS2614,초기 근대의 서양,,3,3.0,0.0,2000,,,,
HS2615,사회주의: 이론과 역사,,3,3.0,0.0,2000,,,,
HS2616,장기 19세기 서양 역사,,3,3.0,0.0,2000,,,,
HS2617,서양 문명의 이해,,3,3.0,0.0,2000,,,,
HS2618,중동부 유럽 및 러시아의 역사,,3,3.0,0.0,2000,,,,
HS2620,철학의 근본 문제들,,3,3.0,0.0,2000,,,,
HS2621,비교종교학입문,,3,3.0,0.0,2000,,,,
HS2625,동양철학입문,,3,3.0,0.0,2000,,,,
HS2627,신화와 원형상징,,3,3.0,0.0,2000,,,,
HS2656,상품의 역사,,3,3.0,0.0,2000,,,,
HS2661,논리학 입문,,3,3.0,0.0,2000,,,,
HS2701,한국사회의 이해,,3,3.0,0.0,2000,,,,
HS2702,미국사회의 이해,,3,3.0,0.0,2000,,,,
HS2703,"세계화와 발전 : 세계의 정치, 경제, 문화 지형",,3,3.0,0.0,2000,,,,
HS2704,기업과 사회 Ⅰ,,3,3.0,0.0,2000,,,,
HS2705,"정보사회론: 기술, 미디어, 대중문화",,3,3.0,0.0,2000,,,,
HS2706,세계정치의 변환,,3,3.0,0.0,2000,,,,
HS2707,오타쿠 대중문화론,,3,3.0,0.0,2000,,,,
HS2708,기업과 사회 Ⅱ,,3,3.0,0.0,2000,,,,
HS2709,한국 현대정치사,,3,3.0,0.0,2000,,,,
HS2721,기초경제학,,3,3.0,0.0,2000,,,,
HS2722,한국경제의 이해,,3,3.0,0.0,2000,,,,
HS2723,사회주의 경제의 시장경제전환론,,3,3.0,0.0,2000,,,,
HS2724,거시경제학원론,,3,3.0,0.0,2000,,,,
HS2726,글로벌 경제의 이해,,3,3.0,0.0,2000,,,,
HS2727,동아시아 경제론,,3,3.0,0.0,2000,,,,
HS2730,해외경제론,,3,3.0,0.0,2000,,,,
HS2732,행동경제학 1,,3,3.0,0.0,2000,,,,
HS2733,행동경제학 2,,3,3.0,0.0,2000,,,,
HS2734,행복의 조건,,3,3.0,0.0,2000,,,,
HS2739,미시경제학원론,,3,3.0,0.0,2000,,,,
HS2742,인간의 마음과 행동 1,,3,3.0,0.0,2000,,,,
HS2743,인간의 마음과 행동 2,,3,3.0,0.0,2000,,,,
HS2747,인간관계의 심리학,,2,2.0,0.0,2000,,,,
HS2748,언어와 마음: 언어심리학적 접근,,3,3.0,0.0,2000,,,,
HS2749,심리학과 삶,,3,3.0,0.0,2000,,,,
HS2750,경영학원론,,3,3.0,0.0,2000,,,,
HS2751,전략경영 I,,3,3.0,0.0,2000,,,,
HS2752,기술혁신전략,,3,3.0,0.0,2000,,,,
HS2753,기술벤처창업론,,3,3.0,0.0,2000,,,,
HS2754,소셜네트워크 이론과 분석,,3,3.0,0.0,2000,,,,
HS2761,인권법: 현대사회의 인권 문제들,,3,3.0,0.0,2000,,,,
HS2762,법과 정의: 이념과 현실,,3,3.0,0.0,2000,,,,
HS2763,현대법학의 이해,,3,3.0,0.0,2000,,,,
HS2765,헌법과 국가,,3,3.0,0.0,2000,,,,
HS2767,범죄와 형벌,,3,3.0,0.0,2000,,,,
HS2781,국제관계론 Ⅰ: 근대 국제정치체제의 상승과 쇠퇴,,3,3.0,0.0,2000,,,,
HS2782,국제관계론 Ⅱ: 세계정치의 전지구화의 과정과 쟁점,,3,3.0,0.0,2000,,,,
HS2783,과학기술과 전쟁,,3,3.0,0.0,2000,,,,
HS2784,고전 정치사상의 이해,,3,3.0,0.0,2000,,,,
HS2787,한국정치론,,3,3.0,0.0,2000,,,,
HS2788,민주주의론,,3,3.0,0.0,2000,,,,
HS2789,안보와 무기체계,,3,3.0,0.0,2000,,,,
HS2794,현대사회사상의 흐름,,3,3.0,0.0,2000,,,,
HS2795,문명으로 보는 21세기,,3,3.0,0.0,2000,,,,
HS2796,키워드로 보는 현대한국,,3,3.0,0.0,2000,,,,
HS2797,꿈의 사회학,,3,3.0,0.0,2000,,,,
HS2803,과학기술과 사회,,3,3.0,0.0,2000,,,,
HS2814,유토피아 픽션과 테크놀로지,,3,3.0,0.0,2000,,,,
HS2832,기술과 문화,,3,3.0,0.0,2000,,,,
HS2833,비판적 디자인,,3,3.0,0.0,2000,,,,
HS2834,역사 속의 과학,,3,3.0,0.0,2000,,,,
HS2839,인간의 미래,,3,3.0,0.0,2000,,,,
HS3501,이상(李箱)문학과 과학,,3,3.0,0.0,3000,,,,
HS3502,시창작 특강,,3,3.0,0.0,3000,,,,
HS3504,한국근현대작가론,,3,3.0,0.0,3000,,,,
HS3505,20세기 한국여성작가론,,3,3.0,0.0,3000,,,,
HS3601,강대국의 흥망,,3,3.0,0.0,3000,,,,
HS3602,역사학특강,,3,3.0,0.0,3000,,,,
HS3603,서양사 자료의 비판과 해석,,3,3.0,0.0,3000,,,,
HS3604,서양사 특강,,3,3.0,0.0,3000,,,,
HS3605,조선시대 의례사,,3,3.0,0.0,3000,,,,
HS3621,현대철학 세미나,,3,3.0,0.0,3000,,,,
HS3623,한문으로 읽는 동양고전,,3,3.0,0.0,3000,,,,
HS3624,동양철학세미나,,3,3.0,0.0,3000,,,,
HS3625,<노자> 사상의 이해,,3,3.0,0.0,3000,,,,
HS3626,현대중국과 동아시아 지정학,,3,3.0,0.0,3000,,,,
HS3631,마음과 컴퓨터,,3,3.0,0.0,3000,,,,
HS3632,합리적 판단과 선택,,3,3.0,0.0,3000,,,,
HS3633,과학철학 특강,,3,3.0,0.0,3000,,,,
HS3662,동양사의 이해,,3,3.0,0.0,3000,,,,
HS3663,종교와 과학,,3,3.0,0.0,3000,,,,
HS3721,교육의 경제학,,3,3.0,0.0,3000,,,,
HS3722,(MOOC 지정)미시경제론,,3,3.0,0.0,3000,,,,
HS3725,사회복지와 재정,,3,3.0,0.0,3000,,,,
HS3728,세계화 시대의 경제정책,,3,3.0,0.0,3000,,,,
HS3735,한국의 경제발전,,3,3.0,0.0,3000,,,,
HS3736,통일독일과 남북통일,,3,3.0,0.0,3000,,,,
HS3737,거시경제론,,3,3.0,0.0,3000,,,,
HS3752,전략경영 II,,3,3.0,0.0,3000,,,,
HS3753,기업집단의 이해,,3,3.0,0.0,3000,,,,
HS3754,사회물리학: 네트워크적 접근,,3,3.0,0.0,3000,,,,
HS3762,현대법사상 강독,,3,3.0,0.0,3000,,,,
HS3763,현대 법철학의 주제들,,3,3.0,0.0,3000,,,,
HS3764,뇌와 인지,,3,3.0,0.0,3000,,,,
HS3765,재정학,,3,3.0,0.0,3000,,,,
HS3766,(MOOC 지정) 인지심리학 및 실험,,3,3.0,0.0,3000,,,,
HS3767,(MOOC 지정) 인공지능 로봇의 윤리,,3,3.0,0.0,3000,,,,
HS3785,국가와 시민사회론,,3,3.0,0.0,3000,,,,
HS3786,정치경제론,,3,3.0,0.0,3000,,,,
HS3801,과학기술과 젠더,,3,3.0,0.0,3000,,,,
HS3802,과학자 문학,,3,3.0,0.0,3000,,,,
HS3803,포스트휴먼 셰익스피어,,3,3.0,0.0,3000,,,,
HS3831,과학기술학의 이해: 과학사회논쟁의 쟁점과 윤리,,3,3.0,0.0,3000,,,,
HS3838,과학기술정책의 이해,,3,3.0,0.0,3000,,,,
HS3839,질병과 사회,,3,3.0,0.0,3000,,,,
HS3861,신경과학과 법,,3,3.0,0.0,3000,,,,
HS3901,일본문화론,,2,2.0,0.0,3000,,,,
HS4610,AI-Human 윤리학 기초론,,3,3.0,0.0,4000,,,,
HS4611,인생의 의미 찾기 : 동서양철학의 대답들,,3,3.0,0.0,4000,,,,
HS4710,복잡계분석과 AI정책전략,,3,3.0,0.0,4000,,,,
HS4741,기술정보사회의 심리학,,3,3.0,0.0,4000,,,,
HS4762,인공지능 로봇의 법,,3,3.0,0.0,4000,,,,
HS4837,과학기술과 사회 연구 세미나,,3,3.0,0.0,4000,,,,
IR2201,회로이론,,3,3.0,0.0,2000,,,q 문화기술 부전공,
IR2202,동역학,,3,3.0,0.0,2000,,,q 문화기술 부전공,
IR3202,시스템 모델링 및 제어,,3,3.0,0.0,3000,,,q 문화기술 부전공,
IR3203,마이크로프로세서 및 응용,,3,2.0,2.0,3000,,,q 문화기술 부전공,
IR4201,딥 러닝,,3,3.0,0.0,4000,,,q 문화기술 부전공,
IR4202,메카트로닉스,,3,2.0,2.0,4000,,,q 문화기술 부전공,
IR4203,인간-컴퓨터 상호작용,,3,3.0,0.0,4000,,,q 문화기술 부전공,
IR4204,매스매티카와 기호계산,,3,3.0,0.0,4000,,,,
IR4205,로봇공학,,3,2.0,2.0,4000,,,q 문화기술 부전공,
IR4206,인공지능 기반 창의적 로봇융합 시스템 설계,,3,1.0,4.0,4000,,,q 문화기술 부전공,
IR4207,자동제어,,3,3.0,0.0,4000,,,q 문화기술 부전공,
IR4208,로봇 운동학,,3,3.0,0.0,4000,,,q 문화기술 부전공,
IR4209,로봇제어,,3,3.0,0.0,4000,,,q 문화기술 부전공,
IR4307,웨어러블시스템을 위한 인체공학,,3,3.0,0.0,4000,,,q 문화기술 부전공,
IR4310,"인간-AI 상호작용: Special Topics on XR Physical AI, and Embodied Agents",,3,3.0,0.0,4000,,,q 문화기술 부전공,
IR4602,소프트로보틱스,,3,3.0,0.0,4000,,,q 문화기술 부전공,
LH2503,한국현대소설의 이해,,3,3.0,0.0,2000,,,인문사회과학 부전공 q 문학과 역사,
LH2506,한국현대시인론,,3,3.0,0.0,2000,,,인문사회과학 부전공 q 문학과 역사,
LH2507,(MOOC 지정)시의 이해,,3,3.0,0.0,2000,,,인문사회과학 부전공 q 문학과 역사,
LH2509,한국현대소설의 사회적 성찰,,3,3.0,0.0,2000,,,인문사회과학 부전공 q 문학과 역사,
LH2511,현대시 읽기,,3,3.0,0.0,2000,,,인문사회과학 부전공 q 문학과 역사,
LH2512,한국소설 속의 여성들,,3,3.0,0.0,2000,,,인문사회과학 부전공 q 문학과 역사,
LH2521,영웅과 반영웅 : 서구근대문학의 이해 I,,3,3.0,0.0,2000,,,인문사회과학 부전공 q 문학과 역사,
LH2522,개성과 정체성: 성장소설의 이해,,3,3.0,0.0,2000,,,인문사회과학 부전공 q 문학과 역사,
LH2525,근대의 모험: 서구근대문학의 이해 Ⅱ,,3,3.0,0.0,2000,,,인문사회과학 부전공 q 문학과 역사,
LH2526,문학과 연인들,,3,3.0,0.0,2000,,,인문사회과학 부전공 q 문학과 역사,
LH2602,한국사의 이해,,3,3.0,0.0,2000,,,인문사회과학 부전공 q 문학과 역사,
LH2612,서양 고대와 중세 문명,,3,3.0,0.0,2000,,,인문사회과학 부전공 q 문학과 역사,
LH2613,현대서양의 형성과 전개,,3,3.0,0.0,2000,,,인문사회과학 부전공 q 문학과 역사,
LH2614,초기 근대의 서양,,3,3.0,0.0,2000,,,인문사회과학 부전공 q 문학과 역사,
LH2616,장기 19세기 서양 역사,,3,3.0,0.0,2000,,,인문사회과학 부전공 q 문학과 역사,
LH2618,중동부 유럽 및 러시아의 역사,,3,3.0,0.0,2000,,,인문사회과학 부전공 q 문학과 역사,
LH2656,상품의 역사,,3,3.0,0.0,2000,,,인문사회과학 부전공 q 문학과 역사,
LH3501,이상(李箱)문학과 과학,,3,3.0,0.0,3000,,,인문사회과학 부전공 q 문학과 역사,
LH3502,시창작 특강,,3,3.0,0.0,3000,,,인문사회과학 부전공 q 문학과 역사,
LH3504,한국근현대작가론,,3,3.0,0.0,3000,,,인문사회과학 부전공 q 문학과 역사,
LH3505,20세기 한국여성작가론,,3,3.0,0.0,3000,,,인문사회과학 부전공 q 문학과 역사,
LH3602,역사학특강,,3,3.0,0.0,3000,,,인문사회과학 부전공 q 문학과 역사,
LH3605,조선시대 의례사,,3,3.0,0.0,3000,,,인문사회과학 부전공 q 문학과 역사,
LH3802,과학자 문학,,3,3.0,0.0,3000,,,인문사회과학 부전공 q 문학과 역사,
MA2101,재료과학,,3,3.0,0.0,2000,,,공과대학 신소재공학과,
MA2102,열역학,,3,3.0,0.0,2000,,,공과대학 신소재공학과,
MA2103,유기재료화학,,3,3.0,0.0,2000,,,공과대학 신소재공학과,
MA2104,고분자과학,,3,3.0,0.0,2000,,,공과대학 신소재공학과,
MA2201,재료물리화학,,3,3.0,0.0,2000,,,공과대학 신소재공학과,
MA2202,현대재료물리,,3,3.0,0.0,2000,,,공과대학 신소재공학과,
MA2203,생화학 I,,3,3.0,0.0,2000,,,공과대학 신소재공학과,
MA2204,물리전자 개론,,3,3.0,0.0,2000,,,공과대학 신소재공학과,
MA3104,전자재료실험,,3,1.0,4.0,3000,,,공과대학 신소재공학과,
MA3105,유기재료실험,,3,1.0,4.0,3000,,,공과대학 신소재공학과,
MA3203,재료의 결정구조,,3,3.0,0.0,3000,,,공과대학 신소재공학과,
MA3204,상변태,,3,3.0,0.0,3000,,,공과대학 신소재공학과,
MA3207,재료전기화학,,3,3.0,0.0,3000,,,,
MA3208,생체재료,,3,3.0,0.0,3000,,,공과대학 신소재공학과,
MA3209,재료역학입문,,3,3.0,0.0,3000,,,공과대학 신소재공학과,
MA3210,고분자 화학,,3,3.0,0.0,3000,,,공과대학 신소재공학과,
MA3211,기기분석,,3,3.0,0.0,3000,,,공과대학 신소재공학과,
MA3212,나노과학개론,,3,3.0,0.0,3000,,,공과대학 신소재공학과,
MA3213,반도체 재료 및 소자,,3,3.0,0.0,3000,,,공과대학 신소재공학과,
MA4202,박막공학,,3,3.0,0.0,4000,,,공과대학 신소재공학과,
MA4203,반도체공학,,3,3.0,0.0,4000,,,공과대학 신소재공학과,
MA4204,고분자물성,,3,3.0,0.0,4000,,,,
MA4205,고분자 합성,,3,3.0,0.0,4000,,,공과대학 신소재공학과,
MA4207,의료용 고분자,,3,3.0,0.0,4000,,,공과대학 신소재공학과,
MA4208,재료의 전기적 성질,,3,3.0,0.0,4000,,,공과대학 신소재공학과,
MA4209,나노바이오재료,,3,3.0,0.0,4000,,,공과대학 신소재공학과,
MA4211,플라스틱 전자재료,,3,3.0,0.0,4000,,,공과대학 신소재공학과,
MA4212,전산재료과학의 기초,,3,3.0,0.0,4000,,,공과대학 신소재공학과,
MA4213,기초양자역학,,3,3.0,0.0,4000,,,공과대학 신소재공학과,
MA4214,재료 분석,,3,3.0,0.0,4000,,,,
MA4215,고분자 합성 특론,,3,3.0,0.0,4000,,,,
MA4217,에너지 소재,,3,3.0,0.0,4000,,,공과대학 신소재공학과,
MA4218,표면물리화학,,3,3.0,0.0,4000,,,,
MA4219,프린터블 일렉트로닉스,,3,3.0,0.0,4000,,,공과대학 신소재공학과,
MA4220,고분자 구조 및 특성,,3,3.0,0.0,4000,,,공과대학 신소재공학과,
MA4221,통계열역학,,3,3.0,0.0,4000,,,공과대학 신소재공학과,
MA4222,고분자 분석,,3,3.0,0.0,4000,,,공과대학 신소재공학과,
MA4223,생화학 특론,,3,3.0,0.0,4000,,,공과대학 신소재공학과,
MA4224,생분자공학,,3,3.0,0.0,4000,,,공과대학 신소재공학과,
MA4225,생접합화학 개론,,3,3.0,0.0,4000,,,공과대학 신소재공학과,
MA4226,초분자 재료,,3,3.0,0.0,4000,,,공과대학 신소재공학과,
MA4227,핵산 하이브리드 소재,,3,3.0,0.0,4000,,,공과대학 신소재공학과,
MA4228,딥 러닝,,3,3.0,0.0,4000,,,공과대학 신소재공학과,
MA9101,학사논문연구 3,,3,3.0,0.0,9000,,,,
MA9102,학사논문연구 I,,0,,,9000,,,공과대학 신소재공학과,
MA9103,학사논문연구 II,,0,,,9000,,,공과대학 신소재공학과,
MB2627,신화와 원형상징,,3,3.0,0.0,2000,,,,
MB2661,논리학 입문,,3,3.0,0.0,2000,,,,
MB2732,행동경제학 1,,3,3.0,0.0,2000,,,,
MB2733,행동경제학 2,,3,3.0,0.0,2000,,,,
MB2742,인간의 마음과 행동 1,,3,3.0,0.0,2000,,,,
MB2743,인간의 마음과 행동 2,,3,3.0,0.0,2000,,,,
MB2748,언어와 마음: 언어심리학적 접근,,3,3.0,0.0,2000,,,,
MB2749,심리학과 삶,,3,3.0,0.0,2000,,,,
MB3631,마음과 컴퓨터,,3,3.0,0.0,3000,,,,
MB3632,합리적 판단과 선택,,3,3.0,0.0,3000,,,,
MB3633,과학철학 특강,,3,3.0,0.0,3000,,,,
MB3663,종교와 과학,,3,3.0,0.0,3000,,,,
MB3764,뇌와 인지,,3,3.0,0.0,3000,,,,
MB3766,(MOOC 지정) 인지심리학 및 실험,,3,3.0,0.0,3000,,,,
MB3767,(MOOC 지정) 인공지능 로봇의 윤리,,3,3.0,0.0,3000,,,,
MB3861,신경과학과 법,,3,3.0,0.0,3000,,,,
MB4741,기술정보사회의 심리학,,3,3.0,0.0,4000,,,,
MC2100,열역학 I,,3,3.0,0.0,2000,,,공과대학 기계로봇공학과,
MC2101,고체역학 I,,3,3.0,0.0,2000,,,공과대학 기계로봇공학과,
MC2102,(MOOC 지정)유체역학 I,,3,3.0,0.0,2000,,,공과대학 기계로봇공학과,
MC2103,동역학,,3,3.0,0.0,2000,,,공과대학 기계로봇공학과,
MC2201,공업수학 I,,3,3.0,0.0,2000,,,공과대학 기계로봇공학과,
MC2202,공업수학 II,,3,3.0,0.0,2000,,,공과대학 기계로봇공학과,
MC2203,공학 프로그래밍 입문,,3,3.0,0.0,2000,,,공과대학 기계로봇공학과,
MC2204,열역학 II,,3,3.0,0.0,2000,,,공과대학 기계로봇공학과,
MC2205,고체역학 II,,3,3.0,0.0,2000,,,공과대학 기계로봇공학과,
MC3106,기계공학실험Ⅰ,,3,1.0,4.0,3000,,,공과대학 기계로봇공학과,
MC3107,기계공학실험Ⅱ,,3,1.0,4.0,3000,,,공과대학 기계로봇공학과,
MC3201,열전달,,3,3.0,0.0,3000,,,공과대학 기계로봇공학과,
MC3202,진동학,,3,3.0,0.0,3000,,,공과대학 기계로봇공학과,
MC3203,시스템 모델링 및 제어,,3,3.0,0.0,3000,,,공과대학 기계로봇공학과,
MC3204,공학해석,,3,3.0,0.0,3000,,,공과대학 기계로봇공학과,
MC3205,마이크로프로세서 및 응용,,3,2.0,2.0,3000,,,공과대학 기계로봇공학과,
MC3206,재료과학,,3,3.0,0.0,3000,,,공과대학 기계로봇공학과,
MC3207,전자회로,,3,3.0,0.0,3000,,,,
MC3208,공학설계,,3,2.0,3.0,3000,,,공과대학 기계로봇공학과,
MC3209,창의공학,,3,3.0,0.0,3000,,,,
MC3211,컴퓨터이용 설계 및 생산,,3,3.0,0.0,3000,,,공과대학 기계로봇공학과,
MC3212,디지털 설계,,3,1.0,4.0,3000,,,,
MC3213,기계요소설계,,3,3.0,0.0,3000,,,공과대학 기계로봇공학과,
MC3214,유체역학 II,,3,3.0,0.0,3000,,,공과대학 기계로봇공학과,
MC3215,기계 신호 및 시스템,,3,3.0,0.0,3000,,,공과대학 기계로봇공학과,
MC3216,자동제어,,3,3.0,0.0,3000,,,공과대학 기계로봇공학과,
MC3217,로봇을 위한 마이크로컨트롤러,,3,2.0,2.0,3000,,,공과대학 기계로봇공학과,
MC3218,기계로봇을 위한 시스템 모델링 및 제어,,3,3.0,0.0,3000,,,공과대학 기계로봇공학과,
MC3219,기계로봇 자동제어,,3,3.0,0.0,3000,,,공과대학 기계로봇공학과,
MC4202,유한요소해석,,3,3.0,0.0,4000,,,공과대학 기계로봇공학과,
MC4204,로봇공학,,3,2.0,2.0,4000,,,공과대학 기계로봇공학과,
MC4205,정밀설계원리,,3,3.0,0.0,4000,,,공과대학 기계로봇공학과,
MC4206,MEMS/NEMS 원리,,3,3.0,0.0,4000,,,공과대학 기계로봇공학과,
MC4208,그래피컬 시스템 디자인 프로그래밍,,3,2.0,2.0,4000,,,공과대학 기계로봇공학과,
MC4209,그래프 이론,,3,3.0,1.0,4000,,,,
MC4210,전산유체역학,,3,3.0,0.0,4000,,,공과대학 기계로봇공학과,
MC4211,네트워크 로봇 실험,,3,3.0,0.0,4000,,,,
MC4212,최적설계,,3,3.0,0.0,4000,,,공과대학 기계로봇공학과,
MC4213,랜덤프로세스,,3,3.0,0.0,4000,,,,
MC4214,유체역학 특론 A - 유동 안정성과 난류 천이,,3,3.0,0.0,4000,,,공과대학 기계로봇공학과,
MC4215,기계공학도를 위한 전자회로해석 및 신호처리,,3,3.0,0.0,4000,,,공과대학 기계로봇공학과,
MC4216,기계학습 및 딥러닝,,3,3.0,1.0,4000,,,,
MC4219,광공학개론,,3,3.0,0.0,4000,,,,
MC4220,터빈 엔진 공기열역학,,3,3.0,0.0,4000,,,공과대학 기계로봇공학과,
MC4221,기계인공지능,,3,3.0,0.0,4000,,,공과대학 기계로봇공학과,
MC4224,미세유체역학,,3,3.0,0.0,4000,,,공과대학 환경·에너지공학과,
MC4225,동역학 특론 A- 비행 동역학,,3,3.0,0.0,4000,,,공과대학 환경·에너지공학과,
MC4228,기계공학 특론 A -  융합적 사고 기반 시스템 설계,,3,3.0,0.0,4000,,,공과대학 환경·에너지공학과,
MC4229,이동로봇,,3,1.0,4.0,4000,,,공과대학 환경·에너지공학과,
MC4230,생체모방공학 개론,,3,3.0,0.0,4000,,,공과대학 환경·에너지공학과,
MC4231,유체역학 특론A - 압축성 유동,,3,3.0,0.0,4000,,,공과대학 환경·에너지공학과,
MC4232,기계공학 특론 B,,3,3.0,0.0,4000,,,공과대학 환경·에너지공학과,
MC4233,기계공학 특론 A-공학최적화의 최신동향,,3,3.0,0.0,4000,,,공과대학 환경·에너지공학과,
MC4234,응용열전달,,3,3.0,0.0,4000,,,공과대학 환경·에너지공학과,
MC4235,회전익 공기역학,,3,3.0,0.0,4000,,,공과대학 환경·에너지공학과,
MC4236,웨어러블시스템을 위한 인체공학,,3,3.0,0.0,4000,,,공과대학 환경·에너지공학과,
MC4237,로봇공학 및 비전,,3,3.0,0.0,4000,,,공과대학 환경·에너지공학과,
MC4238,지능형 모터 융합 프로젝트,,3,2.0,2.0,4000,,,공과대학 환경·에너지공학과,
MC4239,대류열전달,,3,3.0,0.0,4000,,,공과대학 환경·에너지공학과,
MC9101,컴퓨터 비젼,,3,3.0,0.0,9000,,,,
MC9102,학사논문연구 I,,0,,,9000,,,공과대학 환경·에너지공학과,
MC9103,학사논문연구 II,,0,2.0,2.0,9000,,,공과대학 환경·에너지공학과,
MC9104,기초전기전자컴퓨터 특론 I,,3,1.0,6.0,9000,,,,
MD2101,의공학 개론,,3,3.0,0.0,2000,,,생명·의과학융합대학 의생명공학과,
MD4101,신경과학기술,,3,3.0,0.0,4000,,,생명·의과학융합대학 의생명공학과,
MD4102,임상 신경 과학,,3,3.0,0.0,4000,,,생명·의과학융합대학 의생명공학과,
MD4106,감염학,,3,3.0,0.0,4000,,,생명·의과학융합대학 의생명공학과,
MD4301,의생명 신호처리론,,3,3.0,0.0,4000,,,생명·의과학융합대학 의생명공학과,
MD4302,의료영상,,3,3.0,0.0,4000,,,생명·의과학융합대학 의생명공학과,
MD4303,의생명 광학,,3,3.0,0.0,4000,,,생명·의과학융합대학 의생명공학과,
MD4401,분자생물학의 실질적 이해 I,,3,3.0,0.0,4000,,,생명·의과학융합대학 의생명공학과,
MD4402,분자생물학의 실질적 이해 II,,3,3.0,0.0,4000,,,생명·의과학융합대학 의생명공학과,
MD4403,노화생물학,,3,3.0,0.0,4000,,,생명·의과학융합대학 의생명공학과,
MD4404,항상성 신경과학,,3,3.0,0.0,4000,,,생명·의과학융합대학 의생명공학과,
MD4501,신경과학,,3,3.0,0.0,4000,,,생명·의과학융합대학 의생명공학과,
MD4502,인간유전학,,3,3.0,0.0,4000,,,생명·의과학융합대학 의생명공학과,
MD4503,의학 행동 과학,,3,3.0,0.0,4000,,,생명·의과학융합대학 의생명공학과,
MD4504,일주기 생체 리듬,,3,3.0,0.0,4000,,,생명·의과학융합대학 의생명공학과,
MD4505,내분비학개론,,3,3.0,0.0,4000,,,생명·의과학융합대학 의생명공학과,
MD4601,의학용어,,3,3.0,0.0,4000,,,생명·의과학융합대학 의생명공학과,
MM2001,다변수해석학과 응용,,3,3.0,1.0,2000,,,자연과학대학 수리과학과,
MM2002,미분방정식과 응용,,3,3.0,1.0,2000,,,자연과학대학 수리과학과,
MM2004,선형대수학과 응용 1,,3,3.0,1.0,2000,,,자연과학대학 수리과학과,
MM2006,수학적 사고와 증명,,3,3.0,0.0,2000,,,,
MM2007,수학적 사고의 기초,,3,3.0,0.0,2000,,,,
MM2011,고급다변수해석학과 응용,,3,3.0,1.0,2000,,,자연과학대학 수리과학과,
MM2701,확률과 통계,,3,3.0,0.0,2000,,,자연과학대학 수리과학과,
MM3001,해석학과 응용,,3,3.0,0.0,3000,,,,
MM3012,수학적 모델링,,2,3.0,3.0,3000,,,,
MM3015,확률과 통계,,3,3.0,0.0,3000,,,,
MM3101,현대대수학 1,,3,3.0,0.0,3000,,,자연과학대학 수리과학과,
MM3201,해석학과 응용,,3,3.0,0.0,3000,,,자연과학대학 수리과학과,
MM3202,푸리에 해석학,,3,3.0,0.0,3000,,,자연과학대학 수리과학과,
MM3203,복소함수학 및 응용,,3,3.0,0.0,3000,,,자연과학대학 수리과학과,
MM3204,편미분방정식과 응용,,3,3.0,0.0,3000,,,자연과학대학 수리과학과,
MM3301,위상수학 1,,3,3.0,0.0,3000,,,자연과학대학 수리과학과,
MM3450,오토마타 이론,,3,3.0,0.0,3000,,,자연과학대학 수리과학과,
MM3451,이산수학,,3,3.0,0.0,3000,,,자연과학대학 수리과학과,
MM3601,과학계산 프로그래밍,,3,3.0,0.0,3000,,,자연과학대학 수리과학과,
MM3602,매스매티카와 기호계산,,3,3.0,0.0,3000,,,자연과학대학 수리과학과,
MM3603,수학적 모델링,,2,3.0,3.0,3000,,,자연과학대학 수리과학과,
MM3604,수치해석,,3,3.0,0.0,3000,,,자연과학대학 수리과학과,
MM3650,수리물리 Ⅱ,,3,3.0,0.0,3000,,,자연과학대학 수리과학과,
MM3750,열역학 및 통계물리,,3,3.0,0.0,3000,,,자연과학대학 수리과학과,
MM4002,복소함수학 및 응용,,3,3.0,0.0,4000,,,,
MM4003,편미분방정식과 응용,,3,3.0,0.0,4000,,,,
MM4004,현대대수학,,3,3.0,0.0,4000,,,,
MM4005,과학계산 프로그래밍,,3,3.0,0.0,4000,,,,
MM4006,정수론과 응용,,3,3.0,0.0,4000,,,,
MM4007,기하학 I,,3,3.0,0.0,4000,,,,
MM4008,몬테카를로 방법론과 응용,,3,3.0,0.0,4000,,,,
MM4009,그래프 이론,,3,3.0,0.0,4000,,,,
MM4010,이산수학,,3,3.0,0.0,4000,,,,
MM4015,과학계산,,3,3.0,0.0,4000,,,,
MM4016,위상수학 개론,,3,3.0,0.0,4000,,,,
MM4017,매스매티카와 기호계산,,3,3.0,1.0,4000,,,,
MM4018,수리과학 주제를 위한 매스매티카,,3,3.0,1.0,4000,,,,
MM4019,확률론,,3,3.0,0.0,4000,,,,
MM4101,현대대수학 2,,3,3.0,0.0,4000,,,자연과학대학 수리과학과,
MM4201,확률론,,3,3.0,0.0,4000,,,자연과학대학 수리과학과,
MM4301,위상수학 2,,3,3.0,0.0,4000,,,자연과학대학 수리과학과,
MM4302,기하학 Ⅰ,,3,3.0,0.0,4000,,,자연과학대학 수리과학과,
MM4401,조합수학,,3,3.0,0.0,4000,,,자연과학대학 수리과학과,
MM4402,그래프 이론,,3,3.0,0.0,4000,,,자연과학대학 수리과학과,
MM4403,위상적 조합수학 및 응용,,3,3.0,0.0,4000,,,자연과학대학 수리과학과,
MM4404,조합적 최적화 개론,,3,3.0,0.0,4000,,,자연과학대학 수리과학과,
MM4450,정보이론,,3,3.0,0.0,4000,,,자연과학대학 수리과학과,
MM4501,정수론과 응용,,3,3.0,0.0,4000,,,자연과학대학 수리과학과,
MM4502,해석적 정수론,,3,3.0,0.0,4000,,,자연과학대학 수리과학과,
MM4601,수리과학 주제를 위한 매스매티카,,3,3.0,0.0,4000,,,자연과학대학 수리과학과,
MM4602,과학계산,,3,3.0,0.0,4000,,,자연과학대학 수리과학과,
MM4603,문테카를로 방법론과 응용,,3,3.0,0.0,4000,,,자연과학대학 수리과학과,
MM4604,딥러닝 이론,,3,3.0,0.0,4000,,,자연과학대학 수리과학과,
MM4605,편미분수치해석,,3,3.0,0.0,4000,,,자연과학대학 수리과학과,
MM4650,전산유체역학,,3,3.0,0.0,4000,,,자연과학대학 수리과학과,
MM4651,최적설계,,3,3.0,0.0,4000,,,자연과학대학 수리과학과,
MM4652,유한요소해석,,3,3.0,0.0,4000,,,자연과학대학 수리과학과,
MM4653,고급 양자 물리,,3,3.0,0.0,4000,,,자연과학대학 수리과학과,
MM4654,양자정보물리학 입문,,3,3.0,0.0,4000,,,자연과학대학 수리과학과,
MM4750,랜덤 프로세스,,3,3.0,0.0,4000,,,자연과학대학 수리과학과,
MM4752,통계 추론 및 환경 빅데이터 분석,,3,3.0,0.0,4000,,,,
MM4901,수학 콜로퀴움,,1,1.0,0.0,4000,,,자연과학대학 수리과학과,
MM4902,수리과학 특론,,3,3.0,0.0,4000,,,,
PP2616,장기 19세기 서양 역사,,3,3.0,0.0,2000,,,,
PP2701,한국사회의 이해,,3,3.0,0.0,2000,,,,
PP2702,미국사회의 이해,,3,3.0,0.0,2000,,,,
PP2703,"세계화와 발전 : 세계의 정치, 경제, 문화 지형",,3,3.0,0.0,2000,,,,
PP2704,기업과 사회 Ⅰ,,3,3.0,0.0,2000,,,,
PP2724,거시경제학원론,,3,3.0,0.0,2000,,,,
PP2734,행복의 조건,,3,3.0,0.0,2000,,,,
PP2761,인권법: 현대사회의 인권 문제들,,3,3.0,0.0,2000,,,,
PP2763,현대법학의 이해,,3,3.0,0.0,2000,,,,
PP2765,헌법과 국가,,3,3.0,0.0,2000,,,,
PP2787,한국정치론,,3,3.0,0.0,2000,,,,
PP2788,민주주의론,,3,3.0,0.0,2000,,,,
PP2812,생명윤리와 법,,3,3.0,0.0,2000,,,,
PP3632,합리적 판단과 선택,,3,3.0,0.0,3000,,,,
PP3721,교육의 경제학,,3,3.0,0.0,3000,,,,
PP3725,사회복지와 재정,,3,3.0,0.0,3000,,,,
PP3735,한국의 경제발전,,3,3.0,0.0,3000,,,,
PP3765,재정학,,3,3.0,0.0,3000,,,,
PP3767,(MOOC 지정) 인공지능 로봇의 윤리,,3,3.0,0.0,3000,,,,
PP3785,국가와 시민사회론,,3,3.0,0.0,3000,,,,
PP3786,정치경제론,,3,3.0,0.0,3000,,,,
PP3831,과학기술학의 이해: 과학사회논쟁의 쟁점과 윤리,,3,3.0,0.0,3000,,,,
PP3838,과학기술정책의 이해,,3,3.0,0.0,3000,,,,
PP4762,인공지능 로봇의 법,,3,3.0,0.0,4000,,,,
PS2101,고전역학 및 연습Ⅰ,,3,3.0,1.0,2000,,,자연과학대학 물리·광과학과,
PS2102,전자기학 및 연습 Ⅰ,,3,3.0,1.0,2000,,,자연과학대학 물리·광과학과,
PS2103,전자기학 및 연습Ⅱ,,3,3.0,1.0,2000,,,자연과학대학 물리·광과학과,
PS2201,현대물리 개론,,3,3.0,0.0,2000,,,자연과학대학 물리·광과학과,
PS2202,고전역학 및 연습Ⅱ,,3,3.0,1.0,2000,,,자연과학대학 물리·광과학과,
PS3101,문화콘텐츠의 이해,,3,3.0,0.0,3000,,,GIST대학 공통과목 과목구분,
PS3103,양자물리 및 연습 I,,3,3.0,1.0,3000,,,자연과학대학 물리·광과학과,
PS3104,양자물리 및 연습 II,,3,3.0,1.0,3000,,,자연과학대학 물리·광과학과,
PS3105,열역학 및 통계물리,,3,3.0,0.0,3000,,,자연과학대학 물리·광과학과,
PS3106,물리실험 I,,3,1.0,4.0,3000,,,자연과학대학 물리·광과학과,
PS3107,수리물리 I,,3,3.0,0.0,3000,,,자연과학대학 물리·광과학과,
PS3202,전자회로,,3,3.0,0.0,3000,,,자연과학대학 물리·광과학과,
PS3203,AI시대의 전산물리학 I,,3,3.0,0.0,3000,,,자연과학대학 물리·광과학과,
PS3205,광학개론,,3,3.0,0.0,3000,,,자연과학대학 물리·광과학과,
PS3206,수리물리Ⅱ,,3,3.0,0.0,3000,,,자연과학대학 물리·광과학과,
PS4202,반도체 물리,,3,3.0,0.0,4000,,,자연과학대학 물리·광과학과,
PS4203,생물물리 개론,,3,3.0,0.0,4000,,,자연과학대학 물리·광과학과,
PS4204,물리실험 II,,3,1.0,4.0,4000,,,자연과학대학 물리·광과학과,
PS4205,나노물리,,3,3.0,0.0,4000,,,자연과학대학 물리·광과학과,
PS4206,핵 및 입자물리,,3,3.0,0.0,4000,,,자연과학대학 물리·광과학과,
PS4207,고체물리,,3,3.0,0.0,4000,,,자연과학대학 물리·광과학과,
PS4208,천체물리 개론,,3,3.0,0.0,4000,,,자연과학대학 물리·광과학과,
PS4209,일반 상대론 개론,,3,3.0,0.0,4000,,,자연과학대학 물리·광과학과,
PS4211,고급역학,,3,3.0,0.0,4000,,,자연과학대학 물리·광과학과,
PS4212,연성물질 물리학,,3,3.0,0.0,4000,,,자연과학대학 물리·광과학과,
PS4213,현대연성물질물리학,,3,3.0,0.0,4000,,,자연과학대학 물리·광과학과,
PS4214,고급 양자 물리,,3,3.0,0.0,4000,,,자연과학대학 물리·광과학과,
PS4215,플라즈마물리 개론,,3,3.0,0.0,4000,,,자연과학대학 물리·광과학과,
PS4216,고체물리학 특론,,3,3.0,0.0,4000,,,자연과학대학 물리·광과학과,
PS4217,양자광학 및 원자물리학 입문,,3,3.0,0.0,4000,,,자연과학대학 물리·광과학과,
PS4218,양자정보물리학 입문,,3,3.0,0.0,4000,,,자연과학대학 물리·광과학과,
PS4219,AI시대의 전산물리학 II,,3,3.0,0.0,4000,,,자연과학대학 물리·광과학과,
PS4220,유체 물리,,3,3.0,0.0,4000,,,자연과학대학 물리·광과학과,
PS4221,나노 및 초전도 물리 개론,,3,3.0,0.0,4000,,,자연과학대학 물리·광과학과,
PS9101,GIST대학 콜로퀴움,,1,1.0,0.0,9000,,,GIST대학 공통과목 과목구분,
PS9102,학사논문연구 I,,0,,,9000,,,자연과학대학 물리·광과학과,
PS9103,학사논문연구 II,,0,,,9000,,,자연과학대학 물리·광과학과,
PS9301,1) 물리학 연구의 현재와 미래,,1,1.0,0.0,9000,,,자연과학대학 물리·광과학과,
SE1101,반도체공학개론,,3,3.0,0.0,1000,,,정보컴퓨팅대학 반도체공학과,
SE2101,물리전자 개론,,3,3.0,0.0,2000,,,정보컴퓨팅대학 반도체공학과,
SE2102,기초공학수학Ⅰ,,3,3.0,0.0,2000,,,정보컴퓨팅대학 반도체공학과,
SE2103,공학전자기학Ⅰ,,3,3.0,0.0,2000,,,정보컴퓨팅대학 반도체공학과,
SE2104,회로이론,,3,3.0,0.0,2000,,,정보컴퓨팅대학 반도체공학과,
SE2105,반도체 재료 및 소자,,3,3.0,0.0,2000,,,정보컴퓨팅대학 반도체공학과,
SE2201,반도체 공정 기초 이론,,3,3.0,0.0,2000,,,정보컴퓨팅대학 반도체공학과,
SE2202,기초공학수학 II,,3,3.0,0.0,2000,,,정보컴퓨팅대학 반도체공학과,
SE2203,공학전자기학Ⅱ,,3,3.0,0.0,2000,,,정보컴퓨팅대학 반도체공학과,
SE2204,재료과학,,3,3.0,0.0,2000,,,정보컴퓨팅대학 반도체공학과,
SE2205,현대재료물리,,3,3.0,0.0,2000,,,정보컴퓨팅대학 반도체공학과,
SE2206,디지털 설계,,3,3.0,0.0,2000,,,정보컴퓨팅대학 반도체공학과,
SE3101,집적회로 소자,,3,3.0,0.0,3000,,,정보컴퓨팅대학 반도체공학과,
SS2752,기술혁신전략,,3,3.0,0.0,2000,,,,
SS2803,과학기술과 사회,,3,3.0,0.0,2000,,,,
SS2812,생명윤리와 법,,3,3.0,0.0,2000,,,,
SS2814,유토피아 픽션과 테크놀로지,,3,3.0,0.0,2000,,,,
SS2822,AI와 나,,2,2.0,0.0,2000,,,,
SS2832,기술과 문화,,3,3.0,0.0,2000,,,,
SS2833,비판적 디자인,,3,3.0,0.0,2000,,,,
SS2834,역사 속의 과학,,3,3.0,0.0,2000,,,,
SS2839,인간의 미래,,3,3.0,0.0,2000,,,,
SS2840,신기술 거버넌스,,3,3.0,0.0,2000,,,,
SS3631,마음과 컴퓨터,,3,3.0,0.0,3000,,,,
SS3633,과학철학 특강,,3,3.0,0.0,3000,,,,
SS3663,종교와 과학,,3,3.0,0.0,3000,,,,
SS3767,(MOOC 지정) 인공지능 로봇의 윤리,,3,3.0,0.0,3000,,,,
SS3801,과학기술과 젠더,,3,3.0,0.0,3000,,,,
SS3802,과학자 문학,,3,3.0,0.0,3000,,,,
SS3831,과학기술학의 이해: 과학사회논쟁의 쟁점과 윤리,,3,3.0,0.0,3000,,,,
SS3838,과학기술정책의 이해,,3,3.0,0.0,3000,,,,
SS3839,질병과 사회,,3,3.0,0.0,3000,,,,
SS4471,인류세의 우리,,1,1.0,0.0,4000,,,,
SS4741,기술정보사회의 심리학,,3,3.0,0.0,4000,,,,
SS4762,인공지능 로봇의 법,,3,3.0,0.0,4000,,,,
SS4837,과학기술과 사회 연구 세미나,,3,3.0,0.0,4000,,,,
UC0038,탄소중립과 RE100 실현을 위한 차세대 에너지 기술,,1,1.0,0.0,0,,,,
UC0039,기업가 리더십과 기업 문화,,3,3.0,0.0,0,,,,
UC0201,사회봉사,,1,0.0,2.0,0,,,GIST대학 공통과목 과목구분,
UC0202,창의함양,,1,0.0,2.0,0,,,GIST대학 공통과목 과목구분,
UC0203,해외봉사,,1,0.0,2.0,0,,,GIST대학 공통과목 과목구분,
UC0204,과학기술 리더십,,1,1.0,0.0,0,,,,
UC0301,정신건강 관리,,2,2.0,0.0,0,,,GIST대학 공통과목 과목구분,
UC0613,기업가정신,,3,3.0,0.0,0,,,,
UC0615,기술사업화,,3,3.0,0.0,0,,,,
UC0621,산학협력인턴십,,0,,,0,,,,
UC0623,융합캡스톤디자인,,3,1.0,6.0,0,,,,
UC0624,4차 산업혁명 트렌드 분석,,3,3.0,0.0,0,,,,
UC0629,청년 지도자의 길,,1,1.0,0.0,0,,,,
UC0630,산업체 인턴십Ⅰ(4주),,0,,,0,,,,
UC0631,산업체 인턴쉽 Ⅱ(6주),,0,,,0,,,,
UC0901,과학기술과 경제,,1,1.0,0.0,0,,,GIST대학 공통과목 과목구분,
UC0902,GIST 전공탐색,,1,1.0,0.0,0,,,,
UC0903,GIST 전공탐색,,1,1.0,0.0,0,,,,
UC9331,GIST대학 콜로퀴움 GIST College Colloquium,,0,1.0,0.0,9000,,,GIST대학 공통과목 과목구분,
