course_uid,display_title_ko,display_title_en,primary_course_code,alias_course_codes,participating_departments,tags,credit_hours,lecture_hours,lab_hours,department_context,offered_2025_1,offered_2025_2,description,source_page_first_seen,raw_title_ko,raw_title_en
AI3001,오토마타 이론,Automata Theory,AI3001,AI4011,AI융합학과,ai,3,3,0,ai,TRUE,,"This course covers the concepts, theories, and procedures of formal languages, automata, grammar, computational complexity that are fundamentals on the computer science and engineering. Main topics include finite automata, regular language, context-free grammar, push-down automata, pumping lemma, Turing machines, recursively enumerable languages, and so on.",127,오토마타 이론,Automata Theory
AI4001,AI핵심기술 기반 실무 프로젝트 2,,AI4001,,AI융합학과,ai,,,,ai,,,,,AI핵심기술 기반 실무 프로젝트 2,
BS3105,세포생물학,Cell Biology,BS3105,MD5603,의생명공학과,biomedical,3,3,0,biomedical,,,"생명의 기본단위는 세포이다. 따라서 세포생물학은 모든 현대 생물학 및 의학 관련 학문의 근간 이 된다. 전반부는 진핵세포를 이루 는 다양한 요소의 세부 구조 및 기능에 대해 학습한다. 여 기에는 세포소기관 생성 및 유전, 세포내섭취, 세포외방출, 막수송, 단백질 이동, 세포 형태 및 극성 형성, 세포-세포간 상호작용 등의 소주제들이 있다. 후반부는 세포성장, 분화, 사멸 등에 초점을 두어 세포성장(체세포분열, 감수분열 포함)과 세포사멸 조절에 필수적인 세포 내 신호전 달과 기능에 대해 학습한다. 세포성장과 사멸의 균형은 온전한 개체 발생을 위해 면밀히 조절되 어야 하고, 이러한 조절의 변이는 비정상 발생 및 암을 유발할 수 있다는 점에서 본 과 목의 중 요성이 있다. 본 과목의 목표는 학생들이 살아있는 세포의 구조와 기능에 대한 기초지식과 이를 규명한 다양한 실험기법을 습득하고, 주요 연구 및 실험 사례들을 통해 생명현상에 필요한 신호 전달과 조절작용의 섬세한 균형에 대한 이해를 확보하는 것이다.",183,세포생물학,Cell Biology
BS3210,분자-세포 작동원리 및 이론,,BS3210,,생명과학과,bioscience,,,,bioscience,,,,,분자-세포 작동원리 및 이론,
BS4204,신경생물학,,BS4204,,생명과학과,bioscience,,,,bioscience,,,,,신경생물학,
BS4224,신경생물학,,BS4224,,생명과학과,bioscience,3,3,0,bioscience,,,,64,신경생물학,
CH2102,물리화학,A Physical Chemistry A,CH2102,EV2217,환경·에너지공학과,environmental,3,3,1,environmental,,,이 과목은 양자역학을 이용하여 원자 및 분자의 구성 원리 및 분광학을 이용한 실험법 등에 대 해 다루고 있다. 양자역학의 기본적 이론을 익히고 수소 원자와 같은 단순한 시스템에서부터 다 원자분자에 이르기까지 복 잡한 화합물에 적용하는 방법 등을 소개한다. 빛을 이용하여 분자의 구조 및 특성을 조사하는 분자분광학의 기본적인 이론과 실험에 대해서도 다루게 된다.,144,물리화학,A Physical Chemistry A
CH3107,무기화학,Inorganic Chemistry,CH3107,CH3108,화학과,chemistry,3,3,0,chemistry,,,"이 과목은 무기화학의 기본 개념 및 이론을 이해하는 것을 목표로 한다. 그에 따라 강의 주제는 배위결합화학, 유기금속화학, 생무기 화학 분야에서 발견되는 분자 구조, 화학 결합, 고체 구조 와 관련된 중요 이론과 내용을 포함한다.",145,무기화학,Inorganic Chemistry
CH4208,무기화학,II Inorganic Chemistry II,CH4208,CH4206,화학과,chemistry,3,3,0,chemistry,TRUE,,"이 과목은 무기화학의 중요 원리를 다루고 있다. 강의 주제는 배위결합화합물, 유기금속화합물, 생 무기화합물의 분자 구조, 화학 결합, 전자적 성질과 관련한 주요 개념과 이론을 포함하고 있다.",147,무기화학,II Inorganic Chemistry II
CT2505,과학기술과 사회: 두 문화의 이해 Understanding Two cultures: Science(Technology),and Society,CT2505,,문화기술 부전공,culture,3,3,0,culture,,,"불규칙한 자연 속에 존재하는 규칙성을 발견하면서 시작된 과학은 지난 2500년 기술과의 접목 을 통해 우리사회를 획기적으로 변화 시켰다. 과학기술덕분에 인류는 그 어느 때보다 풍요롭고 편리한 삶을 누리게 되었지만 동시에 전혀 예측하지 못했던 기후변화, 물 부족, 에너지고갈, 식 량부족, 새로운 질병 등의 글로벌 이슈들에 직면하게 되었다. 과학기술에 대한 역사적, 철학적. 문화적 접근 을 통해 다가올 미래사회에서 과학기술이 가야 할 방향성에 대해 고민하고 논의한다.",130,과학기술과 사회: 두 문화의 이해 Understanding Two cultures: Science(Technology),and Society
CT4102,정보 시각화 방법과 디자인 사고,Information visualization methods and design thinking,CT4102,,문화기술 부전공,culture,3,3,0,culture,TRUE,,"이 강의는 정보 시각화 방법 및 디자인 사고에 대한 이론 및 교육으로 구성되어 있다. 정보의 시각화 방법 교육에서는 색, 모양, 질감에 대한 기본적인 이론들을 배우게 되고, 정보를 분석하 고 기본적 시각요소로 전환하는 방법을 통해서 정보를 체계적으로 시각화하는 방법들을 배우게 된다. 그리고 디자인 사고는 미래를 개선하기 위한 문제들이나 이슈들의 실용적이고 창조적인 해결 방법론이다. 디자인 사고 교육을 통해서 체계적 사고와 문제해결력을 개발할 수 있는 창의 적이고 융합적인 사고를 배우게 된다.",131,정보 시각화 방법과 디자인 사고,Information visualization methods and design thinking
CT4302,문화기술을 위한 인공지능 설계,Designing Artificial Intelligence for Culture Technology Applications,CT4302,AI4312,AI융합학과|문화기술 부전공,ai|culture,3,3,0,ai|culture,,,"최근 많은 관심을 받고 있는 인공지능 기술을 활용하여 자율적인 인공생명체를 개발하고 이를 게임, 디지털 아트 등의 문화기술 응 용 분야에 적용한다. 이를 위해, 인공생명체의 지능, 행동 양식을 설계하기 위한 인공생명기술, 진화기술, 행동네트워크 등의 인공 지능 기술을 학습하며, 자율 지능/행동 모델을 개발/평가하기 위한 게임과 디지털 아트 플랫폼을 설계하고 구현한다.",132,문화기술을 위한 인공지능 설계,Designing Artificial Intelligence for Culture Technology Applications
CT4310,인간-AI 상호작용:,Special Topics on XR and Digital Twin Human-AI Interaction: Special Topics on XR and Digital Twin,CT4310,,문화기술 부전공,culture,3,3,0,culture,,,"본 과목에서는 사람과 AI-infused system의 상호작용에 관한 PBL (Project-Based Learning) 을 수행한다. 매년 선정되는 국가 special topics를 다루며, 올해는 최근 부상하는 메타버스와 연계하여 Extended Reality and Digital Twin에 관한 프로젝트를 기획 및 제작한다. 구체적으로 RDW, 차량 XR, SR, NFT 연계 응용을 수행하며, 그 결과물에 대해 IR pitching을 목표로 한다.",133,인간-AI 상호작용:,Special Topics on XR and Digital Twin Human-AI Interaction: Special Topics on XR and Digital Twin
CT4504,과학계산 프로그래밍,Scientific Programming,CT4504,GS4005,수리과학과,math,3,3,0,math,,,"이 과목은 기본적인 프로그래밍 언어(C, C++ 언어 등)를 배운 후에, 계산과학을 수행하는 데 필 요한 고성능 계산(High Per- formance Computing)을 위한 UNIX OS의 기본적 이해, 가시화, 등 과학계산 환경과 몇 가지 실례를 통해 과학계산 프로그래밍 기초를 배운다.",133,과학계산 프로그래밍,Scientific Programming
CT4506,몬테카를로 방법론과 응용,Monte Carlo Methods and Their Applications,CT4506,GS4008,수리과학과,math,3,3,0,math,TRUE,,"이 과목은 과학계산 과목의 심화 과목으로 나노 시대에 필요한 (동력학적) 몬테카를로 방법론 기 초, 그리고 그 방법론의 특성과 여러 실례를 통한 몬테카를로 과학 연구 응용에 대해 공부한다. [ 지능로봇 부전공 ] 가. 부전공 개요 외부환경을 인식하고, 스스로 상황을 판단하여 자율적으로 동작하는 지능로봇은 인공지능 및 메카트로닉스, 휴먼인터페이스 기술 등과 융합하여 헬스케어 로봇, 지 능형 무인자동화, 국방/의료/해양/환경 전문 로봇 등 적용범위가 확대되고 있어 지능 로봇 분야에 특화된 융합인재 양성과정을 지스트 대학생들에게 부전공 과정 으로 제공함으로써 융합연구분야의 다양성을 접할 기회를 제공하고자 한다. 나. 교과목 개요",133,몬테카를로 방법론과 응용,Monte Carlo Methods and Their Applications
EB3751,소셜네트워크와 기업행동,,EB3751,,인문사회과학부,economics,,,,economics,,,,,소셜네트워크와 기업행동,
EC3218,통신공학,Communication Engineering,EC3218,EC3213,전기전자컴퓨터공학과,EECS,3,3,0,EECS,TRUE,,"통신공학을 이론교육과 디자인 교육을 적절히 혼합하여 소개하는 것을 목표로 한다. 안테나를 통한 신호전달과정, 아날로그 및 디지털 변조, AM/FM 신호, 신호 검출, 라인코드, 광 대역통신, 셀룰라 네트워크, 다중접속방법 등, 통신시스템 설계를 위한 주요 이론들을 이해하고, MATLAB 모의시험 및 소프트웨어 래디오를 통하여 간단한 통신시스템을 설계한다.",119,통신공학,Communication Engineering
EC4207,그래프 이론,Graph Theory,EC4207,GS4009,수리과학과,math,3,3,0,math,TRUE,,그래프이론은 전산학의 이론적 토대를 이루는 학문이다. 또한 그래프이론의 체계적 학습을 통하 여 수학적 사고 훈련을 할 수 있다. 이 과목 에서는 그래프이론의 기초가 되는 개념과 알려진 결과를 소개하고 그 응용에 대하여 배운다.,120,그래프 이론,Graph Theory
EC4209,인공 지능,Artificial Intelligence,EC4209,AI4020,AI융합학과,ai,3,3,0,ai,TRUE,,"The module introduces the basic concepts in search and knowledge representation as well as to a number of sub-areas of artificial intelligence. It focuses on covering the essential concepts in AI. The module covers intelligent agents; uninformed/blind search: breadth- first search, uniform-cost search, depth-first search, depth-limited search, iterative deepening search; informed/heuristic search: greedy best-first search, A* algorithm; local search: hill climbing and simulated annealing; adversarial search: minimax algorithm and alpha-beta pruning; constraint satisfaction problems: backtracking search, constraint propagation, local search; logical agents: propositional logic, first-order logic, logical inference; uncertainty: Bayes’ rule,  Bayesian inference, independence and conditional independence, Bayesian networks; fuzzy logic; neural networks; machine learning: decision tree learning, naive Bayes classifier.",120,인공 지능,Artificial Intelligence
EC4210,랜덤 프로세스,Random Process,EC4210,AI4014,AI융합학과,ai,3,3,0,ai,TRUE,TRUE,"This course aims at providing the fundamental concepts of random processes for electrical engineering and computer science. Topics include probability and random variables; random processes and sequences; response of linear systems to random inputs; correlation; power spectral density; and specific random processes such as Wiener process, Poisson process, and Markov process. Students are expected to be able to apply the fundamental concepts of random process to the problems related with communication, signal processing, and networking research areas, upon completion of this course.",121,랜덤 프로세스,Random Process
EC4212,이산수학,Discrete Mathematics,EC4212,AI4012,AI융합학과,ai,3,3,0,ai,TRUE,,"본 교과목에서는 실수 같이 연속적인 성질이 있는 대상이 아니라 주로 정수, 그래프, 논리 연산 같이 서로 구분되는 값을 가지는 대상을 학 습한다. 더 구체적으로는 논리구조, 증명방법, 정수론, 그래프, 트리구조 및 이산 확률에 대한 내용을 다룬다.",121,이산수학,Discrete Mathematics
EV2214,환경에너지공학전공연구Ⅰ,Undergraduate Research in Environment and Energy Engineering I,EV2214,,환경·에너지공학과,environmental,1,0,3,environmental,TRUE,,"본 과목은 지구과학 및 환경공학을 전공하는 학부생을 대상으로 설계되었다. 환경 연구 분야에 대한 소개와 이해를 높이고자 한다. 학생들은 지구과학 및 환경공학 학교 내에서 연구실을 선택 하여 활동 주제를 제안하고, 한 학기 동안 연구실 교수의 지도하에 연구 활동을 하게 된다. 이 러한 경험을 통해 학생들은 연구 활동의 다양한 측면에 대한 통찰력을 얻고 향후 자신의 특성화 에 대한 구체적인 계획을 수립할 수 있을 것이다.",173,환경에너지공학전공연구Ⅰ,Undergraduate Research in Environment and Energy Engineering I
EV2215,환경에너지공학전공연구Ⅱ,Undergraduate Research in Environment and Energy Engineering II,EV2215,,환경·에너지공학과,environmental,1,0,3,environmental,TRUE,,"This course is designed for undergraduate students majoring in Environment and Energy Engineering. It aims to provide an introduction to and enhance understanding of the field of energy and environmental research. Students will choose a research lab within the School of Environment and Energy Engineering, propose an activity topic, and engage in research activities under the guidance of the lab's professor for a semester. Through this experience, students will gain insights into various aspects of research activities and be able to formulate specific plans for their future specializations.",173,환경에너지공학전공연구Ⅱ,Undergraduate Research in Environment and Energy Engineering II
EV3220,에너지화학,Energy Chemistry,EV3220,MS5142,에너지공학과,energy,3,2,2,energy,,,"에너지화학은 에너지 효율을 포함한 에너지 저장과 변환 공정에 관련된 화학을 강의한다. 강의 내용은 에너지 신기술의 개요와 화학에너지와 전기에너지의 변환에 관련된 물리적, 전기화학적 원리, 열역학, 재료를 다루게 된다.",176,에너지화학,Energy Chemistry
EV4242,환경에너지촉매,,EV4242,,환경·에너지공학과,environmental,3,3,0,environmental,TRUE,,,63,환경에너지촉매,
FE4310,인간-AI 상호작용:,Special Topics on XR and Digital Twin Human-AI Interaction: Special Topics on XR and Digital Twin,FE4310,,에너지공학과,energy,3,3,0,energy,,,"본 과목에서는 사람과 AI-infused system의 상호작용에 관한 PBL (Project-Based Learning) 을 수행한다. 매년 선정되는 국가 special topics를 다루며, 올해는 최근 부상하는 메타버스와 연계하여 Extended Reality and Digital Twin에 관한 프로젝트를 기획 및 제작한다. 구체적으로 RDW, 차량 XR, SR, NFT 연계 응용을 수행하며, 그 결과물에 대해 IR pitching을 목표로 한다.",191,인간-AI 상호작용:,Special Topics on XR and Digital Twin Human-AI Interaction: Special Topics on XR and Digital Twin
GS2001,다변수해석학과 응용,Multivariable Calculus and Applications,GS2001,MM2001,전기전자컴퓨터공학과|수리과학과|기계로봇공학과,EECS|math|mechanical,3,3,1,EECS|math|mechanical,TRUE,TRUE,"다변수 함수/벡터함수의 미적분학을 다루며, 기본개념 및 응용을 다룬다. 벡터함수의 연속성, 미 분가능성, 방향미분, 기하학적 구조해석을 기본으로 하여 다중적분, 선적분, 면적분에 관한 이론 을 이해한다. 학생들은 이 과목을 통해 추상적인 개념을 정립하고 수학적 엄밀성을 높인 기초적 인 증명방법을 배울 수 있다.",81,다변수해석학과 응용,Multivariable Calculus and Applications
GS2002,미분방정식과 응용,Differential Equations and Applications,GS2002,MM2002,전기전자컴퓨터공학과|화학과|수리과학과|기계로봇공학과,EECS|chemistry|math|mechanical,3,3,1,EECS|chemistry|math|mechanical,TRUE,TRUE,"이 교과에서는 수학 및 공학의 필수인 미분방정식의 정립 및 풀이와 자연과학 및 공학에의 응용에 대하여 공부한다. 상미분방정식의 해의 존재 및 단일성, 선형미분방정식 및 선형 연립 미분방정식, 라플라스 변환방법, 푸리에 시리즈; 편미분 방정식의 개요 및 수치 해석적 풀이 등에 대하여 배운다.",82,미분방정식과 응용,Differential Equations and Applications
GS2004,선형대수학과 응용,Introduction to Linear Algebra and Applications,GS2004,MM2004,전기전자컴퓨터공학과|AI융합학과|화학과|수리과학과|기계로봇공학과,EECS|ai|chemistry|math|mechanical,3,3,1,EECS|ai|chemistry|math|mechanical,TRUE,TRUE,"선형대수학은 수학교과의 기본 필수 과목이며 미적분학과 더불어 이공계 전공 학부의 필수 과목 이다. 이 강좌에서는 선형대수의 기본 개념인 벡터 공간과 이들 사이의 선형변형 및 이를 나타 내는 행렬에 관한 이론을 심도 있게 배우고 기하학, 미분방정식 외 신호처리, 제어이론 등 공학 전공에서의 응용과 활용을 배운다.",82,선형대수학과 응용,Introduction to Linear Algebra and Applications
GS2013,기초미분방정식과 선형대수의 응용,,GS2013,,수리과학과,math,,,,math,,,,,기초미분방정식과 선형대수의 응용,
GS2703,세계화와 발전,,GS2703,,인문사회과학부,law_politics,,,,law_politics,,,,,세계화와 발전,
GS2761,인권법,,GS2761,,인문사회과학부,law_politics,,,,law_politics,,,,,인권법,
GS2812,생명윤리와 법,Bioethics and Law,GS2812,PP2812|SS2812,인문사회과학부,law_politics|science_society,3,3,0,law_politics|science_society,,,"본 강의는 현대사회의 지적 교양이자 첨예한 사회적 관심사라 할 생명윤리의 여러 문제들을 특히  법적, 윤리적 쟁점들을 중심으로 이해하고자 한다. 생명윤리법, 의료법, 특허법 등 현행 관련 법률들 은 물론, 구체적인 사례(판례)들과의 연관 속에서, 각 쟁점들에 대한 이해를 공유하고 함께 토론하고 자 한다. 단순히 현행 법 실무를 살펴보는 것을 넘어, 윤리적, 법이론적 쟁점들까지도 비판적으로 고찰해 볼 것이다. 나아가 한국의 생명공학연구 및 의료현장에서 빚어지는 특수하고 생생한 현실을 고려함으로써, 본 주제에 대한 문제의식을 날카롭게 다듬고자 한다.",86,생명윤리와 법,Bioethics and Law
GS2822,AI와 나,AI and I,GS2822,SS2822,인문사회과학부,science_society,2,2,0,science_society,,,"4차산업혁명 시대의 핵심 기술 중 하나인 AI는 우리의 현실과 상상 속에 이미 다양한 형태로 침투해 있으나, 사실 우리는 AI 관련 기술에 대해 아는 것보다 모르는 것이 더 많다. 그럼에도, 인간 고유의 영역이라고 여겨지는 자율적 지성을 인공적으로 모방, 구현하는 AI기술의 성격상, 그것은 우리의 상상을 끊임없이 자극한다. 분명한 것은 AI기술이 이미 그리고 점점 더 우리의 삶에 근본적이고 돌이킬 수 없는 변화를 가져올 것이며, 궁극적으로 인간의 고유성에 대한 휴머 니즘의 신념도 그러한 변화를 피해갈 수 없으리라는 것이다. 이 강좌는 <AI와 나>라는 제목으로, 우선 AI기술의 수학적 기초에서 출발하여, AI 기술발전이 각자(‘나’)에게 미칠 영향을 다학제적으로 접근해보고, 더 나아가 AI가 자아 (‘나’)를 가질 수 있는가, 인간과 로봇의 경계는 (어디에) 있는가 등의 물음에 대해 인문학을 넘어 다학제적 고찰과 토론을 도모한다. <AI와 나 >는 수학, 문학, 경 제학, 법학, 과학기술학 전공 교수들과 함께 AI 관련 쟁점들을 탐구하는 다학제 융합 강좌이다.",87,AI와 나,AI and I
GS3503,과학자 문학,,GS3503,,인문사회과학부,literature_history,,,,literature_history,,,,,과학자 문학,
GS3751,소셜네트워크와 기업행동,,GS3751,,인문사회과학부,economics,,,,economics,,,,,소셜네트워크와 기업행동,
GS3766,인지심리학 및 실험,,GS3766,,인문사회과학부,mind_behavior,,,,mind_behavior,,,,,인지심리학 및 실험,
GS3767,(MOOC) 인공지능 윤리,,GS3767,,인문사회과학부,MOOC|science_society,,,,science_society,,,,,(MOOC) 인공지능 윤리,
GS3802,과학자 문학,,GS3802,,인문사회과학부,science_society,,,,science_society,,,,,과학자 문학,
GS4002,복소함수학과 응용,,GS4002,,수리과학과,math,,,,math,,,,,복소함수학과 응용,
GS4016,위상수학 개론,,GS4016,,수리과학과,math,,,,math,,,,,위상수학 개론,
GS4471,인류세의 우리,Our Planet in the Anthropocene,GS4471,SS4471,인문사회과학부,science_society,1,1,0,science_society,,,"우리는 현재 지구의 생물학적, 화학적, 지질학적 과정에서 인간의 영향력이 크게 미치고 있는 새로운 지질 시대인 인류세(Anthropocene)에 살고 있다. 본 과목에서는 우리 행성의 현재 직면 한 상황들과 앞으로의 전망에 대한 철저한 연구와 종합적인 개관을 논의함으로서 인간과 자연과 기술이 어떻게 상호 작용하는지에 대해 이해한다. 또한 생태적 지속 가능성, 경제적 번영, 정치 적 측면에서의 정의 및 문화적 활력의 균형 등에 관한 논의도 함께 포함 하고자 한다.",90,인류세의 우리,Our Planet in the Anthropocene
HS2501,(MOOC 지정) 시의 이해,,HS2501,,인문사회과학부,MOOC|literature_history,,,,literature_history,,,,,(MOOC 지정) 시의 이해,
HS2503,한국 현대 소설의 이해,Understanding Modern Korean Fiction,HS2503,GS2503|LH2503,인문사회과학부,literature_history,3,3,0,literature_history,TRUE,,"이 교과목은 한국 현대 소설을 통하여, 수강생들의 미학적 윤리적 지평을 넓히는 것을 목적으로 한다. 동시대 한국 소설 텍스트의 이해를 통해 스스로의 삶을 반성적으로 사유하고, 자신이 속 한 공동체를 바라보는 새로운 시각을 도모한다. 이와 아울러 한국 현대 소설을 감상하고 분석함 으로써, 적극적이고 능동적인 독자가 되는 길을 찾는다.",90,한국 현대 소설의 이해,Understanding Modern Korean Fiction
HS2506,한국현대시인론,Modern Korean Poets,HS2506,GS2606|LH2606,인문사회과학부,literature_history,3,3,0,literature_history,TRUE,,"이 과목은 1950년 이전까지 한국 현대 시사에서 중요한 시인들인 한용운, 김소월, 정지용, 백 석, 서정주, 윤동주에 대하여 다룬다. 수강생들은 각 시인들에 대하여 조사 연구하고 시집을 면 밀히 읽고 토론할 것이다. 그리고 각 시인들의 시세계에 대한 온전한 이해를 위하여 수강생들은 시인들의 작품에서 영감을 받은 시를 창작할 것이다.",91,한국현대시인론,Modern Korean Poets
HS2509,한국현대소설의 사회적 성찰,Modern Korean Fiction and Social Reflection,HS2509,GS2504|LH2504,인문사회과학부,literature_history,3,3,0,literature_history,,,"이 과목은 한국현대소설에 나타난 다양한 사회적 징후들을 깊이 있게 성찰하는 것을 목적으로 한다. 지금까지 한국 소설은 특유의 상상과 통찰로써, 한국 사회의 변화 속에 내재한 기대와 전 망, 모순과 역설을 기록해 왔다. 수강생들은 철도가 도입되던 근대 초기에서부터 광주와 세월호 에 이르기까지, 한국의 근대에 대하여 문학이 제기한 질문들을 탐구한다.",91,한국현대소설의 사회적 성찰,Modern Korean Fiction and Social Reflection
HS2511,현대시 읽기,Reading Contemporary Poetry,HS2511,GS2511|LH2511,인문사회과학부,literature_history,3,3,0,literature_history,TRUE,,"수강생들은 다양한 작품을 읽고 시의 구조와 언어에 대해 토론할 것이다. 다양한 시적 언어를 배우고 이해하게 될 것이며, 시적 사유의 전개 방식을 이해하게 될 것이다.",91,현대시 읽기,Reading Contemporary Poetry
HS2512,한국소설 속의 여성들,Women in Korean Fictions,HS2512,GS2512|LH2512,인문사회과학부,literature_history,3,3,0,literature_history,TRUE,,"20세기 이후 한국 소설이 상상/재현해온 ‘여성’은, 재래의 관습과 통념들에 문제를 제기하며 한 국 문학의 지평을 확장해 왔다. 특히 이 교과목은 식민지 시기에서부터 현재에 이르기까지 한국 여성 소설이 발굴하고 개척해 온 문학의 새로운 주제, 감정, 형식 등을, 당대의 사회문화적 맥락 아래 검토한다. 수강생들은 결혼과 가족, 연애와 사랑 등 친밀성과 섹슈얼리티의 제반 영역들 뿐 아니라, 근대화, 민주화, 세계화 등 의 지각변동 속에서 한국 소설이 ‘여성이라는 문제’를 어 떻게 발견해 왔는지를 탐구하게 될 것이다.",91,한국소설 속의 여성들,Women in Korean Fictions
HS2521,영웅과 반영웅: 서구 근대문학의 이해,I Heroes and Antiheroes: Understanding Modern Western Literature I,HS2521,GS2502|LH2502,인문사회과학부,literature_history,3,3,0,literature_history,TRUE,,"이 강좌는 ‘영웅’과 ‘반영웅’의 개념을 중심으로 서구 근대문학의 특징을 고찰한다. 고대 서사시  나 비극 혹은 중세 기사도 로만스의 정통 영웅과 달리, 서구 근대문학의 ‘영웅’은 전통, 계급적 질서, 사회적 가치와의 필연적 갈등 속에 존재하며, 그만큼 ‘반영웅’과의 경계에 가까이 가는 주 인공이다. 이 강좌에서는 우선 서구 근대문학의 가장 독특하고도 흥미로운 (반)영웅인 ‘돈키호 테’의 재현양식을 통해 서구 근대문학의 특징을 살펴본 후, 이어서 현대에 이르는 다양한 영웅 과 반영웅의 변형을 탐구한다.",91,영웅과 반영웅: 서구 근대문학의 이해,I Heroes and Antiheroes: Understanding Modern Western Literature I
HS2522,개성과 정체성: 성장소설의 이해,Individuality and Identity,HS2522,GS2522|LH2522,인문사회과학부,literature_history,3,3,0,literature_history,,,"‘성장소설’ 혹은 ‘교양소설’은 서구 근대문학의 주요 장르로, 주제와 서사 양면에서 근대 소설의 발전에 핵심적 역할을 한 장르이다. 이 강의에서는 대표적인 백인 남성 서사인 19세기 성장소설 과 비백인(과) 여성의 관점을 담은 현대의 성장소설을 함께 이해하고 토론한다.",92,개성과 정체성: 성장소설의 이해,Individuality and Identity
HS2525,근대의 모험: 서구근대문학의 이해 Ⅱ,Adventures of Modernity: Understanding Modern Western Literature Ⅱ,HS2525,GS2525|LH2525,인문사회과학부,literature_history,3,3,0,literature_history,,,"‘모험’(adventure)은 근대적 기획의 표상이자, 대항해 시대 이후 서구의 근대를 가능하게 한 물 리적, 경제적 동인이다. 이 강좌는 서구 근대문학의 중요한 장르인 ‘모험’ 문학의 주요작들을 그 에 대한 현대의 ‘되받아쓰기’ 작품 또는 비판적 응답과 함께 읽음으로써 서구 근대(문학)에 대한 이해를 심화하고자 한다.",92,근대의 모험: 서구근대문학의 이해 Ⅱ,Adventures of Modernity: Understanding Modern Western Literature Ⅱ
HS2526,문학과 연인들,Lovers in Literature,HS2526,GS2526|LH2526,인문사회과학부,literature_history,3,3,0,literature_history,TRUE,,"이 강좌는 문학의 빼놓을 수 없는 주제인 ‘사랑’을 다룬 다양한 장르의 작품을 통해서, 단순한 연애의 차원이 아니라 각 개인으로 하여금 사회적 구속과 억압은 물론 현재의 불완전한 자신 마저도 뛰어넘는 것을 꿈꾸고 이루게 하는 원천, 즉 낭만적, 해방적 열망으로서의 사랑을 탐구하고자 한다.",92,문학과 연인들,Lovers in Literature
HS2602,한국사의 이해,Understanding Korean History,HS2602,GS2602|LH2602,인문사회과학부,literature_history,3,3,0,literature_history,TRUE,TRUE,"한국사의 흐름 가운데 현재까지 여전히 재해석이 이루어지고 있는 사건, 인물에 대해 다양한 시각으로 검토 하는 것이 강의의 목표이다. 강의 중에는 사료(史料)와 박물관 유물을 감상하고, 여러가지 역사 창작물에 대 한 의견을 나누어볼 예정이다. 학생들이 역사적 사건과 인물들의 삶을 검토하면서 현재의 자신을 돌아보고 미래를 계획할 수 있는 계기가 되기를 기대한다.",93,한국사의 이해,Understanding Korean History
HS2613,현대서양의 형성과 전개,Contemporary Western History,HS2613,GS2613|LH2613,인문사회과학부,literature_history,3,3,0,literature_history,TRUE,,"본 강의는 20세기 서양 현대사의 전개를 고찰함으로써 오늘날 우리가 살고 있는 시대적 현실에 대한 균형 잡힌 역사인식과 비판적 안목을 함양하는 데 목표가 있다. 강의 전반부에서는 근대화, 자본주의화, 산업화의 맥락 속에서 만들어진 19세기 서양 체제가 제 1차 세계대전과 더불어 변화 해가는 모습이 주로 다루어질 것이다. 특히, 러시아 혁명, 세계경제대공황, 그리고 이에 따른 19세기 자유주의 질서의 붕괴 과정이 강의의 핵심적 주제를 이룰 것이다. 강의 후반부는 제 2차 세계대전 이후 형성된 전후 체제와 이의 변화, 그리고 이 체제 속에서 출현한 문화적 사회적 변동을 다룰 예정이다. 냉전, 제 3세계의 성장, 대중문화의 대두와 미국화 과정, 세계화된 경제 질서, 그리고 냉전의 해체와 사회주의권의 몰락 등이 강의 후반부에 중심을 이루게 될 주제들이다.",94,현대서양의 형성과 전개,Contemporary Western History
HS2614,초기 근대의 서양,Early Modern Western History,HS2614,GS2614|LH2614,인문사회과학부,literature_history,3,3,0,literature_history,TRUE,,"본 강의는 16세기부터 18세기까지의 서양, 보다 구체적으로 유럽과 미 대륙의 역사를 다루는 데 목표가 있다. 수업의 진행은 먼저 중세사회의 해체 과정을 개관하고, 이후 신항로의 개척과 세계 체제의 형성, 종교 개혁과 유럽의 분열, 절대주의 국가의 대두, 계몽주의의 등장과 과학 혁 명 등 초기 근대 시대 ‘근대성’을 만들었던 주요 역사적 사건 및 지적 성과들을 학습한다.",94,초기 근대의 서양,Early Modern Western History
HS2616,장기 19세기 서양 역사 The West in the “Long”,Nineteenth Century,HS2616,GS2616|PP2616,인문사회과학부,law_politics,3,3,0,law_politics,,,본 강의는 산업 자본주의와 자유주의 시대를 연 장기 19세기 서양의 역사에 대해 탐구하는 것을 목적으로 한다. 이 시대는 현대 자본주의의 기본 형태가 완성된 시기로서 프랑스 대혁명과 영국 산업혁명으로부터 시작되어 제국주의 시대를 거쳐 1차 세계대전으로 종결되는 연대기를 가지고 있다. 근본적으로 이 시대는 진보(진화)와 발전을 중심으로 한 근대성의 전반적 특징들이 전 세 계적으로 확산되어 가던 시기이다. 또한 자본주의의 근본적 모순들이 구체화되어 그에 대한 대안 적 사고들이 폭발하던 시기이도 하다. 본 강의는 이러한 장기 19세기 서양의 전반적 구조와 모 순들 그리고 그것을 넘어서려는 흐름들에 대해 살펴볼 것이다.,95,장기 19세기 서양 역사 The West in the “Long”,Nineteenth Century
HS2627,신화와 원형상징,Myth and Archetypal Symbol,HS2627,GS2627|MB2627,인문사회과학부,mind_behavior,3,3,0,mind_behavior,,,"감성적이고 신체적인 존재로서 인간은 상징으로 사유한다. 상징 사유는 비논리적이고 모순적으로 보이지만, 그것이 없다면 인간은 로봇처럼 메마른 존재로 전락할 것이다. 상징은 논리적 언어를 보 조하는 보조수단이 아니라 인간을 형성하는 조건이다. 그런 의미에서 인간은 호모 심볼리쿠스다.  인류의 중요한 문화유산인 신화는 그 자체가 상징이다. 상징을 이해하는 능력을 배양함으로써, 모 든 이야기에 숨겨진 메시지와 문화를 해독하는 능력을 기를 수 있을 것이다.",95,신화와 원형상징,Myth and Archetypal Symbol
HS2661,논리학 입문,Introduction to Logic,HS2661,GS2661|MB2661,인문사회과학부,mind_behavior,3,3,0,mind_behavior,TRUE,TRUE,"이 교과는 형식 논리학 입문 교과이다. 강의의 대부분은 현대 형식논리의 근간을 이루는 명제논리 와 일차 술어논리의 언어 및 증명 방법을 익히는데 할애될 것이다. 강의를 통해 학생들은 논리학의 주요 개념 및 원리들을 이해하고, 이러한 원리들을 일상적 논증을 평가하는데 적용해봄으로써 논리 적 분석력과 비판적 사고능력을 함양한다. 논리학에 대한 기본적 이해 이외에도, 일상의 영역 혹은 각 학문 분야에서 보다 나은 논증을 전개할 수 있는 능력을 함양하는 것이 본 강의의 목표이다.",96,논리학 입문,Introduction to Logic
HS2701,한국사회의 이해,Understanding Korean Society,HS2701,GS2701|PP2701,인문사회과학부,law_politics,3,3,0,law_politics,,,"본 과목은 한국 사회를 이해함에 있어서 사회과학의 개념과 이론들을 분석적으로 적용하는 방법을 학습하는 것을 목표로 하고 있다. 사회화, 일상생활과 문화, 가족, 계급과 불평등, 섹슈얼리티와 젠 더, 종교, 미디어, 기업과 노동, 교육, 범죄, 정치와 도시, 환경과 세계화 등의 주제들에 대한 학습 을 통해 한국 사회에서 이러한 주제들이 어떤 방식으로 현실화되어 있는지를 또한 역사적이고 분 석적으로 일상생활, 구조와 행위, 제도의 차원 각각에서 검토하고자 한다.",96,한국사회의 이해,Understanding Korean Society
HS2702,미국사회의 이해,Understanding American Society,HS2702,GS2702|PP2702,인문사회과학부,law_politics,3,3,0,law_politics,TRUE,,이 수업은 학생들이 미국사회를 역사적이고 분석적으로 이해할 수 있도록 하는 것을 목표로 한 다. 이를 위해 학생들은 다양한 사회과학적 이론과 개념들을 적용하여 미국사회를 이해하는 법 을 배우게 될 것이다. 또한 미국과 한국 및 국제사회와의 관계를 살펴봄으로써 미국사회의 이해 를 심화시키고자 한다.,96,미국사회의 이해,Understanding American Society
HS2704,기업과 사회 Ⅰ,Firm and SocietyⅠ,HS2704,GS2704|PP2704,인문사회과학부,law_politics,3,3,0,law_politics,TRUE,TRUE,"현대사회 변화의 가장 중요한 한 가지 축은 기업사회 혹은 조직사회(corporate society)로의 변화이며,  각각의 사회는 그 사회가 거쳐 온 발전경로, 계급구조, 금융시장의 특성, 엘리트연합의 특성, 가족구조 등 다양한 변수들이 상호작용하면서 특정한 형태의 기업사회를 만들어낸 다. 본 강좌는 자본주의 사회 의 가장 핵심적인 역동성을 제공하고 있는 기업에 대한 사회과학적 분석을 시도한다.",96,기업과 사회 Ⅰ,Firm and SocietyⅠ
HS2724,거시경제학원론,Principles of Macroeconomics,HS2724,GS2724|PP2724,인문사회과학부,law_politics,3,3,0,law_politics,TRUE,,"이 과목은 국민소득, 실업, 이자율, 환율 및 인플레이션 같은 거시경제 변수의 결정 원리와 이들 변수 간의 상호관계를 이해하는 데 그 목적이 있다. 주요 내용은 국민소득 결정에 관한 기초이론, 경제성장에 영향을 미치는 요인, 개방경제의 거시경제, 재정정책과 통화정책, 인플레이션과 실업의 상충관계에 관한 것이다.",98,거시경제학원론,Principles of Macroeconomics
HS2726,글로벌 경제의 이해,Understanding of the Global Economy,HS2726,EB2726|GS2726,인문사회과학부,economics,3,3,0,economics,TRUE,,"글로벌 경제에 대한 국제경제학을 학습하는데, 국제무역과 국제금융시장으로 나누어 국제무역이 론, 신보호주의, 외환시장, 환율 메카니즘 및 국제통화제도를 집중적으로 다룬다. 이어서 2008년 미국 발 금융위기에 따른 유럽재정 위기의 발생원인 및 우리나라에의 파급효과와 파급경로, 지 구의 남북 지역 간 빈부격차 확대 및 국가 간 무역분쟁해결제도 같은 국제경제 이슈를 배운다. 이를 통해 세계화된 환경에 필요한 국제경제 관련 지식을 습득하게 된다.",98,글로벌 경제의 이해,Understanding of the Global Economy
HS2730,해외경제론,The Economics of Foreign Countries,HS2730,EB2730|GS2730,인문사회과학부,economics,3,3,0,economics,,,"본 강의는 세계경제의 작동방법을 학습하여 한국 경제의 국제 활동을 이해토록 하는데 그 목적 이 있다. 국가 간 경제통합의 기본개념, 국제경제질서, 지역주의와 다자주의 및 신지역주의를 배 운다. 이어서 지역연합체인 EU, NAFTA, MERCOSUR 및 ASEAN 주요 회원국의 경제를 배운 후 일본과 중국의 경제를 학습한다. 미중 무역분쟁을 포함한 다양한 국제통상 문제를 다루게 된다.",98,해외경제론,The Economics of Foreign Countries
HS2732,행동경제학 1,Behavioral Economics 1,HS2732,EB2732|GS2732|MB2732,인문사회과학부,economics|mind_behavior,3,3,0,economics|mind_behavior,,,"이 과목은 전통적인 경제학 교과서에서 이성적 경제주체로 간주되어 온 인간이 실제로는 어떻게 행동하는지, 왜 그렇게 행동하는지, 그런 행동의 결과로 어떤 일이 발생하는지를 탐구한다. 본 과목을 통해 인간의 심리와 행동이 내재된 다양하고 체계적인 오류들을 깨닫고, 이 오류들에 의해 경제가 움직이고 사회가 변화하는 현상을 이해하는 한편, 스스로의 감정, 판단, 행동, 인간관계를 보다 잘 조절할 수 있을 것이다. (※ 응용과 정책을 중심으로 한 후속 교과는 행동경제학 2)",98,행동경제학 1,Behavioral Economics 1
HS2733,행동경제학 2,Behavioral Economics 2,HS2733,EB2733|GS2733|MB2733,인문사회과학부,economics|mind_behavior,3,3,0,economics|mind_behavior,,,"이 과목은 행동경제학 1의 후속 강좌로서 인간의 심리와 행동패턴 및 이를 이용한 정책 적용사례에 대한 이해를 바탕으로 사람들의 후생과 공공의 복리를 높이는 데 도움이 되는 아이디어들을 탐구하고 실천하는 것을 목적으로 한다. 이 강좌의 수강생들은 팀을 이루어 학교와 지역사회, 나아가 국가와 세 계에 기여할 수 있는 다양한 넛지 아이디어들을 개발하여 실행하는 프로젝트에 참여하게 될 것이다.",98,행동경제학 2,Behavioral Economics 2
HS2734,행복의 조건,Conditions of Happiness,HS2734,GS2734|PP2734,인문사회과학부,law_politics,3,3,0,law_politics,TRUE,,"이 과목은 개인과 사회의 행복을 결정하는 요인들에 관해 탐구하는 행복경제학의 실증연구결과 들을 바탕으로 삶의 질과 행복감을 높이기 위한 방법들을 탐구한다. 또한 인간심리의 긍정적 측 면과 성장에 주목하는 긍정심리학의 발견과 행복에 관한 고전에서 길어 올린 지혜들을 살펴보고 토론한다. 이를 통해 행복의 조건과 의미에 대해 깊이 사고하며, 조화로운 삶과 내면의 성장 및 평화를 위한 일상적 실천방법을 공부한다.",99,행복의 조건,Conditions of Happiness
HS2739,미시경제학원론,Principles of Microeconomics,HS2739,EB2739|GS2739,인문사회과학부,economics,3,3,0,economics,,,"미시경제학은 개인, 기업, 정부 등 각 경제주체의 소비와 생산 등 희소한 자원의 배분에 관한 결정을 연구하는 학문이다. 이 과목은 경제학이 이런 문제들을 다루는 가장 기초적인 도구들과 공공정책에 대한 적용 사례를 소개한다. 다양한 시장구조와 환경에서 벌어지는 수요, 공급, 그리 고 제도의 상호작용을 입문 수준에서 공부한다.",99,미시경제학원론,Principles of Microeconomics
HS2742,인간의 마음과 행동 1,Human Mind and Human Behavior 1,HS2742,GS2742|MB2742,인문사회과학부,mind_behavior,3,3,0,mind_behavior,TRUE,,"본 과목의 목적은 과학적 심리학의 본질을 소개하고, 인간의 기본적인 행동과 마음의 작용이 어떻게 이루어지는지를 이해하는 것이다. 특히, 수강생들은 신경 세포들의 의사소통 과정에서부터 기억, 언 어처리와 같은 상위 인지 과정에 이르는 다양한 스펙트럼의 인간의 행동에 대해 배움으로써, 인간의 행동에 대한 이해의 깊이를 더할 수 있으며, 더 나아가 심리학의 중요한 특징 중 하나인 융합 연구 의 사례들을 자연스럽게 접함으로써 통섭적 사고 능력을 배양할 수 있다.",99,인간의 마음과 행동 1,Human Mind and Human Behavior 1
HS2743,인간의 마음과 행동 2,Human Mind and Human Behavior 2,HS2743,GS2743|MB2743,인문사회과학부,mind_behavior,3,3,0,mind_behavior,TRUE,,"본 과목은 인간의 성격, 발달, 사회 속에서의 인간의 행동, 동기와 정서, 그리고 인간의 이상행 동과 치료에 대해서 배움으로써 인간에 대한 보다 심층적인 이해를 도모한다. 또한 비교 문화 심리학을 통해서 한국인의 심리적 특성을 이해하며, 심리학이 실생활에서 또는 타 분야에서 어 떻게 이용되는지를 소개한다.",99,인간의 마음과 행동 2,Human Mind and Human Behavior 2
HS2748,언어와 마음: 언어심리학적 접근,Language and Mind: Psycholinguistic Approach,HS2748,GS2748|MB2748,인문사회과학부,mind_behavior,3,3,0,mind_behavior,,,"본 과목의 목적은 인간의 언어정보처리과정을 탐색함을 통하여 인간의 마음의 본질에 대해 이해하는 것 이다. 언어 이해 및 산출 과정 동안의 대뇌 표상을 알아보고, 언어 발달, 이중 언어화자의 마음과 인지, 언어와 사고의 관계, 그리고 언어와 문화의 관계 등을 언어심리학적 관점에서 고찰한다.",99,언어와 마음: 언어심리학적 접근,Language and Mind: Psycholinguistic Approach
HS2750,경영학원론,Principles of Management,HS2750,EB2750|GS2750,인문사회과학부,economics,3,3,0,economics,TRUE,,"이 과목은 경영학의 입문과정으로서, 전략경영, 조직행위, 기업가정신 및 기술경영과 같은 경영학 의 심화과정을 배우기 위한 기초가 된다. 이 과목에서의 학습은 경영과 경영자에 대한 다양한 이 론과 실제사례들을 통하여 이루어지는데, 경영학을 처음으로 접하는 학생들은 이와 같은 새로운 정보들을 체계적으로 이해 및 습득할 수 있는 지식체계가 부족하다. 이 과목은 학생들이 이와 같 은 경영학에 대한 전반적인 지식체계를 갖추도록 하는 데에 그 목적이 있다.",100,경영학원론,Principles of Management
HS2751,전략경영,I Strategic Management I,HS2751,EB2751|GS2751,인문사회과학부,economics,3,3,0,economics,,,"전략경영은 기업이 어떻게 지속가능한 경쟁우위를 획득하는지에 대한 학문이다. 이 과목은 지속가 능한 경쟁우위의 원천에 대한 천착을 그 목적으로 하며, 학생들로 하여금 사업전략 및 기업전략에 대한 개념과 이론을 효과적으로 습득할 수 있도록 하는 사례분석을 포함한 다양한 교과활동으로 이루어진다. 이 과목의 목표는 유수의 기업들의 전략적 행동들과 이의 경영학적 함의, 그리고 그 전략적 행동들이 기업들의 성패 에 기여하는 메커니즘에 대한 확실한 이해를 갖추는 데에 있다.",100,전략경영,I Strategic Management I
HS2752,기술혁신전략,Strategic Management of Technology and Innovation,HS2752,EB2752|GS2752|SS2752,인문사회과학부,economics|science_society,3,3,0,economics|science_society,,,"최근 들어 거의 모든 기업들이 더 많은 기술혁신을 이루어내기 위하여 모든 노력을 경주하고 있으며, 이에 따라 기업 내에서 기술혁신 전략 및 관리를 제대로 이해하는 것이 그 기업의 생존을 결정짓는 매 우 중요한 요소로 간주되기 시작하였다. 이 강좌는 공학을 전공하는 학생들에게 이와 같은 기술혁신 전 략 및 관리에 대한 체계적이면서도 일관된 지식체계를 전달하는 데에 그 목적이 있다.",100,기술혁신전략,Strategic Management of Technology and Innovation
HS2753,기술벤처창업론,Technology Enterpreneurship,HS2753,EB2753|GS2753,인문사회과학부,economics,3,3,0,economics,,,"As observed in the examples of Google, Tesla, and Apple, technological entrepreneurship and innovation have played a vital role in the development and growth of an economy. Nonetheless, technicians and engineers who should take up the central position in technological entrepreneurship typically lack managerial knowledge, information, and skillset required for it. This course is designed to offer systematic theoretical perspectives together with practical knowledge for technological entrepreneurship and innovation.",100,기술벤처창업론,Technology Enterpreneurship
HS2763,현대법학의 이해,Understanding the Contemporary Law and Legal Studies,HS2763,GS2763|PP2763,인문사회과학부,law_politics,3,3,0,law_politics,,,"본 과목은 (현대의 한국 법을 중심으로) 법 및 법학 일반을 조망할 수 있게 하는 과목이다. 헌 법, 형법, 민법 등 현대 법 및 법학의 핵심 영역 들을 중심으로 현대 법을 개괄적으로 이해할 수 있게 하고자 한다. 다른 법학 관련 과목들을 수강하기 위한 공통 기초로서 이 과목을 권장하 고자 한다. (비록 이 과목에 대한 선이수가 필수는 아닐지라도.)",101,현대법학의 이해,Understanding the Contemporary Law and Legal Studies
HS2765,헌법과 국가,Constitutional Law and the State,HS2765,GS2765|PP2765,인문사회과학부,law_politics,3,3,0,law_politics,,,"본 과목은 대한민국 헌법의 주요 내용이라 할 국가와 정치의 기능과 구조에 관한 이해를 얻기 위한 것이다. 국가와 정치가 어떻게 기능하고 구조화되어 있으며, 그 지배 원리가 어떠한가에 대한 이해는 현대를 사는 모든 시민의 필수 덕목이다. 대한민국의 현행 헌법은 모든 시민의 자 유와 평등, 인권, 민주주의라는 이념이 정치제도를 통해 어떻게 구현될 수 있는가를 제시하고 있다. 그렇다면 이에 비추어 볼 때, 현 대한민국의 정치 현실은 어떠한가? 본 수업을 통해 이 점을 비판적으로 성찰하는 기회를 갖게 될 것이다.",101,헌법과 국가,Constitutional Law and the State
HS2787,한국정치론,Theories of Korean Politics,HS2787,GS2787|PP2787,인문사회과학부,law_politics,3,3,0,law_politics,TRUE,,"이 과목은 한국정치를 비교정치역사적 그리고 비교정치경제학적 접근을 통해 이해하려는 교양과 목이다. 먼저, 한국정치를 어떻게 읽어야 할 것인가를 논의할 것이다. 한국정치론이 우리 한국의 정치학 내에서도 주류의 위치를 차지하지 못하고 방법론과 내용에 있어서 혁신을 이루지 못하고 있는가를 반성한 뒤, 비교정치역사와 비교정치경제학적 방법론을 통해 한국의 근대정치를 일제 강점기부터 해방정국, 한국전쟁과 50 년대, 60년대와 70년대의 개발독재시대, 80년대의 군벌주의 독재시대, 민주화와 3김 시대, 세계화와 IT혁명시대의 신자유주의적 민주주의 와 박근혜 정권 하에 서 민주주의의 후퇴와 탄핵, 그리고 촛불 혁명으로 부활한 한국 민주주의를 논의할 것이다.",102,한국정치론,Theories of Korean Politics
HS2788,민주주의론,Theories of Democracy,HS2788,GS2788|PP2788,인문사회과학부,law_politics,3,3,0,law_politics,TRUE,,"민주주의론은 먼저 현대 민주주의의 본질과 개념을 규명하고 난 뒤, 고대 아테네에서 탄생한 직 접 민주주의, 로마의 공화주의에서 멈췄다가 1000년 후 근대 유럽의 도시국가에서 부활해서 근  대 영토적 국민국가에서 꽃을 피운 자유주의적인 대의 민주주의에 이르는 민주주의 개념의 역사 를 살펴본다. 현재 디지털 문면의 등장으로 대의 민주주의가 맞이하고 있는 위기의 양상을 살펴 보고 대의 민주주의를 대체할 수 있는 대안적 민주주의에 관해 논의한다. 아울러 1970년대 중 반 이후 글로벌하게 진행되고 있는 민주화에 관해 논의한다.",102,민주주의론,Theories of Democracy
HS2803,과학기술과 사회,"Science, Technology and Society",HS2803,GS2803|GS4837|SS2803|SS4837,인문사회과학부,science_society,3,3,0,science_society,,,"This course, first, examines the development of science and technology in history, and its social implications. The relationships between science and technology and  other social arenas such as law, politics, economy, and culture are also examined. Next, the course discusses the social status and roles of scientists and engineers as well as complicated and controversial issues arising from the development of new technologies such as information technology and bioscience and biotechnology.",103,과학기술과 사회,"Science, Technology and Society"
HS2814,유토피아 픽션과 테크놀로지,Utopian Fiction and Technology,HS2814,GS2814|SS2814,인문사회과학부,science_society,3,3,0,science_society,,,이 강좌는 플라톤의 『국가론』으로부터 토마스 모어의 『유토피아』를 거쳐 최신 공상과학소설 속 우 주 유토피아에 이르기까지 서구의 사상과 문학적 상상력에서 ‘유토피아’의 이상이 나타나고 발전해 온 양상을 탐구하는 강좌이다. 특히 존재하지 않는 (u-topic) 이상적 (eu-topic) 사회 속 인간의 행복 실현을 상상(함으로써 동시에 존재하는 현실의 불의와 부조리를 비판)하는 서구의 유토피아 픽션에서 과학기술의 핵심적 역할에 중점을 두고 다양한 토론을 도모한다.,104,유토피아 픽션과 테크놀로지,Utopian Fiction and Technology
HS2832,기술과 문화,Technology and Culture,HS2832,GS2832|SS2832,인문사회과학부,science_society,3,3,0,science_society,,,"이 강의는 과학기술학(STS)에 기대어 워드프로세서, 스마트폰, 소셜미디어, 공유 플랫폼, 로봇과 아바타 등 다양한 디지털 기술들을 다루면서 다음의 질문을 하고 답해보고자 한다. 우리는 어떻 게 기술을 정의해야 할까? 기술과 사회의 관계를 이해하기 위한 이론으로는 어떤 것들이 있을 까? 기술은 우리의 사고, 공동체의 문화, 노동, 인간관계, 주의와 같은 정신능력, 젠더 관계 등 다양한 일상에 어떻게 관여하고 있을까? 기술혁신이 갖는 문화적 특성이 무엇이고 사용자가 기 술에서 갖는 의미는 무엇인가? 이 강의를 통해 우리는 기술이 무엇을 할 수 있는지 또 무엇을 할 수 없는지 이해함으로써 기술을 개발하는 엔지니어나 혹은 기술을 사용하는 시민으로서 현대 과학기술과 적절한 관계를 설정하는 법을 배울 것이다",104,기술과 문화,Technology and Culture
HS2833,비판적 디자인,Critical Design,HS2833,GS2833|SS2833,인문사회과학부,science_society,3,3,0,science_society,TRUE,,"이 강의에서는 과학기술학(STS)의 문제의식과 디자인의 물질적 실행력을 결합하는 시도를 한다. 학생들은 인공물이 갖는 정치성을 이해하고 대안적인 가치를 실현할 수 있는 대안적인 인공물을 직접 디자인하고 3D 프린팅으로 제작하는 실습을 할 것이다. 강의는 교수의 이론 강의, 실습강 사와 함께 하는 스튜디오 실습강의로 구성된다. 학생들은 이 강의를 통해 기술이 갖는 사회적, 정치적, 문화적 성격을 이해하고 우리가 선호하는 가치를 갖는 대안적인 기술을 디자인하는 방 법을 이해하게 될 것이다.",104,비판적 디자인,Critical Design
HS2834,역사 속의 과학,History of Science,HS2834,GS2834|SS2834,인문사회과학부,science_society,3,3,0,science_society,TRUE,,"현대 사회에서 과학은 높은 인식적, 사회적 권위를 누리고 있다. 과학은 언제부터 이런 권위를 누려왔을까? 이 강의는 고대 그리스의 자연철학부터 유럽의 과학혁명을 거쳐 현대 물리학과 분 자생물학의 부상까지 과학의 오랜 역사를 살피면서 과학지식이 어떻게 사회문화와 조응하면서 현재의 모습을 형성해왔는지 탐색한다. 이 강의를 통해 학생들은 보편성을 주장하는 서구의 과 학지식이 실은 특수한 역사적 맥락에서 생성된 지식과 실천임을 이해할 수 있을 것이다.",104,역사 속의 과학,History of Science
HS2839,인간의 미래,Human Futures,HS2839,GS2839|SS2839,인문사회과학부,science_society,3,3,0,science_society,TRUE,,이 강의는 기후위기와 불평등을 다루는 현대 저작들을 살펴보면서 인류의 미래를 함께 논의할 것이다. 우 리는 다음과 같은 주제를 다룰 것이다. 인류세란 무엇인가? 기후위기와 자본주의는 어떤 관계인가? 기술 은 기후위기로부터 우리를 구원할 수 있는가? 탈성장과 커먼즈는 대안이 될 수 있는가? 자동화와 디지털 화는 불평등을 양산하는가? 능력주의는 불평등문제에 대한 해답이 될 수 있는가? 기본소득이 가능하고 필요한 것일까? 이를 위해 우리는 장르를 넘나들며 주요 저작들을 함께 읽고 수업시간에 토론할 것이다.,104,인간의 미래,Human Futures
HS3501,이상(李箱)문학과 과학 Yi Sang’,s Literature and Science,HS3501,GS3501|LH3501,인문사회과학부,literature_history,3,3,0,literature_history,TRUE,,예술과 과학이 융합된 이상(李箱) 문학을 폭넓게 이해하기 위해 다각적인 접근이 필요하다. 이 과목에서는 과학적 관점으로 그의 시와 소설을 분석하고 연구한다.,105,이상(李箱)문학과 과학 Yi Sang’,s Literature and Science
HS3502,시창작 특강,Writing Poetry,HS3502,GS3502|LH3502,인문사회과학부,literature_history,3,3,0,literature_history,TRUE,,"수강생들은 이 과목을 통해 시 창작에 필요한 제반 논의들을 배울 것이며, 매주 시를 창작하고 합평할 것이다.",105,시창작 특강,Writing Poetry
HS3504,한국근현대작가론,Modern Korean Authors,HS3504,GS3601|LH3601,인문사회과학부,literature_history,3,3,0,literature_history,,,"이 강좌는 작가론의 주요 이론들을 토대로 하여, 한국 근현대 작가에 대한 견문을 넓히는 것을 목적으로 한다. 기존의 작가 연구사를 검토하고, 한국 근현대 작가에 초점을 맞추어 문학 텍스 트를 분석하고 탐구한다. 아울러 이를 통해 한국 근현대 소설사에 대한 이해의 깊이를 도모한다.",105,한국근현대작가론,Modern Korean Authors
HS3505,20세기 한국여성작가론,Korean Female Authors of the 20th Century,HS3505,GS3505|LH3505,인문사회과학부,literature_history,3,3,0,literature_history,,,"이 교과목은 20세기 중후반 한국 여성 작가의 ‘첫 책’(첫 창작집과 첫 장편소설)을 중심으로, 당 시 한국 사회에서 여성이 작가가 된다는 것의 의미를 탐구한다. 해당 학기별로 채택된 작가들의 소설을 정밀하게 분석하고, 이를 상호텍스트적으로 독해하여 한국 여성 작가의 지형과 계보를 탐 색한다. 아울러 당대의 사회문화적 배경과 담론적 환경을 함께 검토함으로써, 한국 사회와 한국 문학계가 여성의 저자성을 어떻게 구성하고 배치해 왔는가를 고찰해 본다.",105,20세기 한국여성작가론,Korean Female Authors of the 20th Century
HS3631,마음과 컴퓨터,Minds and Machines,HS3631,GS3631|MB3631|SS3631,인문사회과학부,mind_behavior|science_society,3,3,0,mind_behavior|science_society,,,"인간이 아닌 기계도 생각하고 느낄 수 있을까? 컴퓨터는 의식을 가질 수 있을까? 전통적으로 마음에 대한 탐구는 몸과 마음의 관계를 중심으로 철학의 영역에서 논의되어 왔으나, 20세기 중 반 인지과학이라는 학제간 학문의 등장과 더불어 마음을 일종의 컴퓨터로 이해하고자 하는 접근  이 새로운 패러다임이 되었다. 본 강의는 현대 심리철학에서 논의되는 주요 쟁점들에 대한 개괄 적 이해와 함께 인지과학 및 인공지능 연 구에서의 기본적 가정들을 검토함으로써, 마음의 본성 에 대한 철학적이면서 포괄적인 성찰의 기회를 제공하고자 한다.",106,마음과 컴퓨터,Minds and Machines
HS3632,합리적 판단과 선택,Rational Judgement and Choice,HS3632,GS3632|GS3832|MB3832|PP3632,인문사회과학부,law_politics|mind_behavior,3,3,0,law_politics|mind_behavior,TRUE,,"귀납논리와 의사결정이론은 주어진 상황에서 증거에 비추어 어떤 믿음을 갖는 것이 합리적인지, 어떤 선택을 하는 것이 합리적인지를 다루는 분야이다. 본 강의는 먼저 귀납논리와 의사결정이 론을 소개한 후, 이들 분야의 기본적 가정과 실제적 응용을 살펴볼 것이다. 게임과 집단선택의 상황을 포함하여 의사결정 상황에서 발생하는 여러 퍼즐들을 검토함으로써 합리성에 대한 보다 나은 이해를 얻는 것이 교과 목표중 하나 다. 강의의 전반부는 담당 교수의 강의를 중심으로 후 반부는 발표와 토론을 중심으로 이루어질 것이다.",107,합리적 판단과 선택,Rational Judgement and Choice
HS3633,과학철학 특강,Topics in Philosophy of Science,HS3633,GS3633|MB3633|SS3633,인문사회과학부,mind_behavior|science_society,3,3,0,mind_behavior|science_society,,,"본 교과는 설명과 이해의 본성에 대해, 특히 인간 행위의 설명에 대해 비판적으로 고찰하는 세 미나 형식의 수업이다. 과학에서나 일상적 맥락에서나 위는 세계와 인간에 대한 설명과 이해를 추구한다. 본 강의는 무언가를 설명한다는 것은 무엇인지, 특히 우리가 서로의 행위를 이해하고 설명한다는 것은 무엇인지 묻는다. 우리는 먼저 과학적 설명에 대한 헴펠의 고전적 저작에서 출 발하여, 행위 설명에 대한 데이빗슨의 인과 이론을 거쳐, 합리성 과 공감을 강조하는 최근의 규 범적 접근에 이르기까지의 주요 연구서 및 논문을 직접 읽고 토론함으로써 이 질문에 대한 가장 그럴듯한 답을 찾는다.",107,과학철학 특강,Topics in Philosophy of Science
HS3663,종교와 과학,Science and Religion,HS3663,GS3663|MB3663|SS3663,인문사회과학부,mind_behavior|science_society,3,3,0,mind_behavior|science_society,,,"과학이 종교가 되려는 열망이 분출하는 현대의 시대적 분위기 안에서, 전통적으로 인간의 정신 을 형성하고 인생의 방향을 설정하는 길잡이 역할을 해 왔던 종교는 그 역할을 다했는가? 본 강좌는 근대 과학의 탄생과 더불어 성장해 온 근대 과학적 세계관과 그것의 연장선상에 있는 인 공지능, 그리고 그런 과학적 사고에 의해 배척 혹은 배격 당했던 종교적 세계관 및 인간의 정신 성의 차이를 점검하면서, 미래의 과학의 존재 방식, 나아가 인간의 가능성을 다시 생각해보고자 하는 수업이다. 기독교와 과학, 동양종교와 과학의 관계, 대화 및 충돌의 여러 양상을 검토하면 서, 과학과 종교라는 오래된 문제를 현재적으로 다시 생각하는 기회를 가질 것이다.",107,종교와 과학,Science and Religion
HS3721,교육의 경제학,Economics of Education,HS3721,EB3721|GS3721|PP3721,인문사회과학부,economics|law_politics,3,3,0,economics|law_politics,,,"교육은 개인과 사회의 자원(돈, 시간, 노력 등)을 들여 사람을 보다 나은 방향으로 변화시키는 것이어야 한 다. 이 과목은 자원 배분 과정으로 바라본 교육을 경제학적 시각으로 평가하며, 한국 사회에서 왜 교육이 최고의 난제가 되었는지, 어떤 방식의 해결이 가능한지를 탐구한다. 교육에 관한 경제학 이론과 다양한 실 증연구의 학습, 발표, 토론으로 교육에 대한 식견과 실천 역량의 함양을 목표로 한다.",107,교육의 경제학,Economics of Education
HS3722,(MOOC 지정)미시경제론,Microeconomics,HS3722,EB3722|GS3722,인문사회과학부,MOOC|economics,3,3,0,economics,TRUE,,"이 과목은 미시경제학의 중요한 이론을 이해하고 현실 세계에 적용하는 것을 목표로 한다. 구체 적으로, 시장의 수요와 공급, 소비자이론과 생산자이론, 경쟁과 독점, 게임이론과 전략적 행태,  위험과 정보, 시장 실패와 정부 역할 등을 탐구한다. 흥미로운 실제 사례들이 분석될 것이며, STAR-MOOC 온라인 강의영상을 통한 예습을 바탕으로 질의응답과 토론, 협력적 문제해결 등 상호작용이 풍부한 플립드 러닝 수업이 전개될 것이다.",107,(MOOC 지정)미시경제론,Microeconomics
HS3725,사회복지와 재정,Welfare and Fiscal Policy,HS3725,EB3725|GS3725|PP3725,인문사회과학부,economics|law_politics,3,3,0,economics|law_politics,TRUE,,"정부의 복지국가 지향에 있어서 사회복지정책의 내용과 문제점을 학습. 사회복지제도가 작동하게 되는 기본 원리, 국민기초생활보장제도와 사회보험제도를 포함한 다양한 현행 제도의 내용 및 재원조달 방법을 학습하 고 우리나라 제도의 한계를 학습함. 특히 제도의 장기 지속가능성에 대해 자세히 살펴봄.",108,사회복지와 재정,Welfare and Fiscal Policy
HS3735,한국의 경제발전,Economic Development in Korea,HS3735,EB3735|GS3735|PP3735,인문사회과학부,economics|law_politics,3,3,0,economics|law_politics,TRUE,,"1960년대 이후 우리나라의 산업화 과정을 체계적으로 학습함으로써 경제개발정책의 성과와 한 계를 명확하게 이해할 수 있도록 한다. 많은 후진국과 달리 우리나라의 경제개발정책이 성공할 수 있었던 원인을 규명하고, 경제개발 과정에서 발생한 부작용을 학습하여 현재 한국 경제가 직 면한 문제가 과거의 경제개발정책과 연관되어 있음을 알도록 한다. 문재인 정부 경제정책의 성 과 평가로 마무리한다.",108,한국의 경제발전,Economic Development in Korea
HS3736,통일독일과 남북통일,Unified Germany and Unification of Korea,HS3736,EB3736|GS3736,인문사회과학부,economics,3,3,0,economics,TRUE,,"독일은 분단 40년 만에 통일을 달성한 후 많은 어려움을 극복하고 내적 통일인 사회통합을 이 루어가고 있다. 평화통일의 유일한 모범사례인 독일을 벤치마킹하여 한반도에서 평화통일을 달 성할 수 있는 방법을 고찰한다. 이는 우리의 현실 문제를 해결하기 위한 많은 시사점을 제공할 것이다. 통일 시나리오별 실현 가능성, 통일비용 및 경제에 미치는 영향 등을 학습한다.",108,통일독일과 남북통일,Unified Germany and Unification of Korea
HS3737,거시경제론,Macroeconomics,HS3737,EB3737|GS3737,인문사회과학부,economics,3,3,0,economics,,,"이 과목은 ‘거시경제학 원론’ 강의를 수강한 것을 전제로 중급 수준의 거시경제학을 배우게 된 다. 거시경제학의 주요 내용인 경제순환, 국민소득 구성요소, 재정정책과 통화정책의 이론적 배 경을 학습하게 된다. 특히 인플레이션, 투자, 경기변동, 경제성장, 저축, 실업, 이자율, 통화량을 배우고 이들 중요 변수간의 관계를 이론적으로 학습한다. 또한 세계화가 진행되는 상황에서 개 방경제 거시경제의 주요 내용을 학습한다.",108,거시경제론,Macroeconomics
HS3752,전략경영,II Strategic Management II,HS3752,EB3752|GS3752,인문사회과학부,economics,3,3,0,economics,TRUE,,"전략경영은 기업이 어떻게 지속가능한 경쟁우위를 획득하는지에 대한 학문으로 크게 사업전략과 기업전략으로 구성된다. 사업전략이 하나의 사업에 대한 전략만을 고려한다면, 기업전략은 하나 이상의 사업을 영위할 때 발생하는 여러 문제들과 기회들에 대하여 다루며, 대부분의 기업들이  사실상 하나 이상의 사업을 영위하고 있다는 점에서 그 중요성이 더욱 크다. 이 과목의 목표는 여러 거대기업들의 전략적 행동들과 이 의 경영학적 함의, 그리고 그 전략적 행동들이 기업들의 성패에 기여하는 메커니즘에 대한 확실한 이해를 갖추는 데에 있다.",108,전략경영,II Strategic Management II
HS3753,기업집단의 이해,Strategic Organization of Business Groups,HS3753,EB3753|GS3753,인문사회과학부,economics,3,3,0,economics,,,"Business groups are ubiquitous around the world and take a substantial fraction of industrial output. Any attempt to analyze firm behavior to the exclusion of business groups, thus, is unavoidably partial and incomplete. This course offers diverse theoretical lenses through which to better understand why business groups are prevalent around the world in general and in Korea in particular and how they shape and regulate the performance of the national economy and business landscape therein.",109,기업집단의 이해,Strategic Organization of Business Groups
HS3764,뇌와 인지,Brain and Cognition,HS3764,GS3764|MB3764,인문사회과학부,mind_behavior,3,3,0,mind_behavior,,,"This course explores the cognitive and neural processes that are involved in human information processes such as attention, vision, language, motor control, executive control, memory, and emotion. It introduces basic neuro- anatomy, cognitive neuroscientific techniques, and behavioral measures of cognition, and discusses how to infer the relationship between brain and cognition. We consider evidence from patients with neurological diseases and from normal human participants.",109,뇌와 인지,Brain and Cognition
HS3765,재정학,Public Finance,HS3765,EB3765|GS3765|PP3765,인문사회과학부,economics|law_politics,3,3,0,economics|law_politics,,,"재정학, 다른 말로 공공경제학은 가계와 기업 외의 제3의 경제주체인 정부의 행위에 대해 분석 하는 학문으로서, 다음 세 가지 측면에 관심을 둔다. 첫째, 정부가 어떤 행동을 하고 있으며, 그 행동은 어떤 의사결정과정을 거쳐 나오는지를 분석한다. 둘째, 정부의 행동이 경제에 어떤 결과 를 가져올지 예측한다. 셋째, 여러 정책대안들 중 어떤 것이 효율성과 형평성 측면에서 더 좋고 나쁜지를 평가한다. 이 과목에서는 공적 자원배분과 소득분배, 사회보험, 정부지출과 비용편익분  석, 조세제도와 국가재정 등에 관해 학습한다. 각 주제와 관련된 현실의 정책 문제들에 대한 생 생한 토론이 진행될 것이다.",109,재정학,Public Finance
HS3767,(MOOC 지정) 인공지능 로봇의 윤리 (MOOC designated),Ethics of Artificial Intelligence and Robots,HS3767,GS3767|MM3767|PP3767,인문사회과학부,MOOC|law_politics|mind_behavior,3,3,0,law_politics|mind_behavior,,,"본 과목은 최첨단의 과학기술이라 할 인공지능과 로봇기술을 둘러싼 윤리적 쟁점들을 다룬다. 우리가 현재 맞이하고 있고 향후 도래할 인공지능과 로봇의 사회에서 당면하게 될 여러 심각한 윤리적 쟁점들을 고민해 보는 중요한 기회를 가질 것이다. 학기 전반부에는 인공지능 로봇기술 및 그 윤리적 문제 전반을 개괄하는 한편 주요 ""개별적인"" 윤리적 문제들 다루고, 학기 후반부에 는 인공지능 로봇기술을 둘러싼 ""일반적"" 문제들을 다룰 것이다.",110,(MOOC 지정) 인공지능 로봇의 윤리 (MOOC designated),Ethics of Artificial Intelligence and Robots
HS3785,국가와 시민사회론,State and Civil Society,HS3785,GS3785|PP3785,인문사회과학부,law_politics,3,3,0,law_politics,TRUE,,"본 과목은 우리가 살고 있는 자본주의적 민주주의 하에서 사회질서를 조직하는 세 가지 원리, ‘국가의 지배’(국가), ‘시민의 지배’(민주주의와 시민사회), ‘자본의 지배’(자본주의와 시장) 중 국 가와 시민사회의 조직 원리와 작동원리 그리고 국가와 시민사회의 관계를 논의한다. 물론 시장 과 자본의 지배가 민주주의와 국가자율성과 어떻게 갈등하면서 공존하는가를 논의할 것이다. 그 러나 초점은 국가와 시민사회의 관계에 맞추어져 있고, 국가, 시민사회, 자본(시장)의 관계는 [정 치경제론] 과목에서 중점적으로 다루어질 것이다.",110,국가와 시민사회론,State and Civil Society
HS3786,정치경제론,Theories of Political Economy,HS3786,GS3786|PP3786,인문사회과학부,law_politics,3,3,0,law_politics,,,"현대 자본주의 정치경제하에서 정치현상과 경제현상 간의 경계가 무너지면서 독자적 영역, 관 심, 방법론을 가진 별개의 분야로 존재해 왔던 정치와 경제가 정치경제로 통합되고 있다. 이 과 목은 정치와 경제, 구체적으로는 국가, 민주주의(시민사회), 자본 (시장)의 관계에 관한 다양 한 이론들을 이해하는 것을 주목적으로 하고 있다. 먼저 정치의 경제적 현상, 경제의 정치적 현상 을 분석하는 접근방법인 정치경제학적 접근방법과 정치사회학적 접근방법을 살펴본다. 연후에 민주주의와 자본주의, 사회주의의 실패와 개혁, 자본주의 국가 하에서 계급타협의 조 직, 세계화 와 민주주의의 관계를 분석한다.",110,정치경제론,Theories of Political Economy
HS3801,과학기술과 젠더,Gender in Science and Technology(GiST),HS3801,GS3801|SS3801,인문사회과학부,science_society,3,3,0,science_society,,,"이 강좌는 근대 과학의 탄생을 둘러싸고 역사적으로 구성되어 오늘에 이르기까지 다양한 형태로 과학기술 전 분야를 지배하고 있는 ‘젠더’ 문제에 대한 인식을 일깨우기 위한 심화 융합 강좌이 다. 과학기술과 젠더의 다양한 쟁점을 여러 학문 분야의 관점에서 심층적으로 분석하고 토론하 되, 이를 통해 전지구적 교육 현장의 주요 가치 중 하나인 ‘다양성 교육’(diversity education) 의 토대를 마련하는 것까지 목표로 한다.",110,과학기술과 젠더,Gender in Science and Technology(GiST)
HS3831,과학기술학의 이해: 과학사회논쟁의 쟁점과 윤리 Understanding of STS):,Issues and ethics in socio-technological controversies,HS3831,GS3831|PP3831|SS3831,인문사회과학부,law_politics|science_society,3,3,0,law_politics|science_society,TRUE,,"Today we are witnessing that science and technologies become more and more the heart of political life as they are increasingly and fiercely contended in pubic sphere. This course, navigating the diverse controversies on science and technology, aims to understand major themes of STS(Science and Technology Studies, or Science, Technology and Society). This course help student develop the understanding of the nature of science and technology and its role in society, exploring the blending moral, economic and social issues of the socio-technological controversies.",111,과학기술학의 이해: 과학사회논쟁의 쟁점과 윤리 Understanding of STS):,Issues and ethics in socio-technological controversies
HS3838,과학기술정책의 이해,Understanding Science & Technology Policy,HS3838,GS3838|PP3838|SS3838,인문사회과학부,law_politics|science_society,3,3,0,law_politics|science_society,,,"Science and technology intersect with public policy in multiple ways. Why do societies fund science? How do they govern it? Who is the best judge of the value of scientific research programs? How should policy-decision be made? What is the role of citizens in science policy? This course introduces theories and issues for S&T policy analyis. Students will learn a short history of S&T policy-making, the rationale of R&D funding, innovation policy, policy for bioethics, and the relationship of science and democracy.",111,과학기술정책의 이해,Understanding Science & Technology Policy
HS3839,질병과 사회,Illness and Society,HS3839,GS3839|SS3839,인문사회과학부,science_society,3,3,0,science_society,TRUE,,"이 강의는 의료인류학의 주요 주제들과 과학기술학의 관련 주제들을 함께 다루면서 기초적인 내용 을 제공할 것이다. 우리는 다음과 같은 여러 영역을 탐색하면서 건강, 질병, 생의학, 전염병 등을 이해하려고 시작할 것이다: 몸과 자아는 질병을 겪으면서 어떻게 재구성되는가? 건강과 질병이라는 아이디어는 어떻게 순환하는가? 어떻게 사회 제도들은 사회적 불평등을 건강 불평등으로 바꾸어내 는가? 우리는 의료인류학과 의료사회학의 현대 저작들을 읽고 수업시간에 토론할 것이다.",111,질병과 사회,Illness and Society
HS3861,신경과학과 법,Neuroscience and Law,HS3861,GS3861|MB3861,인문사회과학부,mind_behavior,3,3,0,mind_behavior,,,"신경과학/뇌과학은 21세기 과학기술의 핵심 분야로서, 절학, 의학, 법학으로까지 그 연구가 연 결 및 확장되고 있다. 뇌과학을 통해, 뇌와 정 신적 과정이 어떻게 기능하며 그것이 어떻게 인 간 인지/행위의 기반을 이루는가에 대한 새로운 이해가 가능해지며, 그 결과 인간 존재에 대한  우리의 철학적, 의학적, 그리고 법적 이해와 대응도 크게 달라질 것이다. 이에 본 강좌는 현재 뇌과학이 법의 이론과 실무에서 어떻게 활용되고 있는지, 그리고 이 때 제기되는 주요 쟁점들이 무엇인지에 대한 이해를 제공할 것이다. 나아가 신경법학의 미래 전망까지도 짚어 볼 것이다.",111,신경과학과 법,Neuroscience and Law
HS4741,기술정보사회의 심리학,Psychology of Technology and information society,HS4741,GS4741|MB4741|SS4741,인문사회과학부,mind_behavior|science_society,3,3,0,mind_behavior|science_society,TRUE,,"본 과목은 학생들에게 인간의 삶이 과학과 기술에 의해 어떠한 영향을 받는지에 대한 이해를 제 공하기 위하여 계획되었다. 본 교과의 주된 내용은 과학과 기술이 인간의 기본적 정보처리과정 에서부터 인터넷 중독, 사이버 왕따 등의 사회적 문제까지 얼마나 다양하게 인간의 마음과 행동 에 영향을 줄 수 있는지에 대한 연구를 소개하고 논의하는 것들이다. 본 수업은 수업자료를 미 리 숙지하고 실제 수업은 100% 토론 에 의해서 진행될 것이다.",112,기술정보사회의 심리학,Psychology of Technology and information society
HS4762,인공지능 로봇의 법,Law of Artificial Intelligence and Robots,HS4762,AI4030|GS4762|PP4762|SS4762,AI융합학과|인문사회과학부,ai|law_politics|science_society,3,3,0,ai|law_politics|science_society,TRUE,,"본 과목은 최첨단의 과학기술이라 할 로봇기술을 둘러싼 법적 쟁점들을 다룬다. 학기 전반부에 서는 인공지능 로봇 기술의 적용 범주별(의료 용, 군사용, 사회적 로봇, 자율차 등)로 법적 쟁점 들을 개괄한 후, 후반부에서는 각종 법적 문제들을 보다 각론적으로 (가령, 로봇의 헌법적 지위, 로봇의 행위와 관련한 민사손해배상의 책임, 범죄 및 형사적 책임 등) 다룰 것이다.",113,인공지능 로봇의 법,Law of Artificial Intelligence and Robots
IR4206,인공지능기반 창의적 로봇 융합 시스템 설계,Design of Creative Robotic Convergence Systems based on Aritifical Intelligence,IR4206,,지능로봇 부전공,robot,3,1,4,robot,,,"본 강의에서는 4차 산업혁명시대에 대응하는 인재를 양성하기 위한 인공지능과 로봇 기술을 기반 으로 하는 맞춤형 창의 혁신 교육을 실현하기 위해서 기획부터 제작까지의 전 과정을 Design Thinking Process를 통해서 체계적으로 교육하여 이 과정을 통해서 로봇 공학, 인공지능, 디지털 테크놀로지의 융합을 이루는 것을 목적으로 한다. 또한, 학생들의 도전의식 함양을 위해서 탁구 로봇 경진대회를 개최하여 이론을 실제에 적용하는 실험기반 교육을 통하여 창의적 사고 능력 배양 및 실무를 통한 지능로봇 기술의 학습 환경을 제공하는 것을 목표로 한다.",134,인공지능기반 창의적 로봇 융합 시스템 설계,Design of Creative Robotic Convergence Systems based on Aritifical Intelligence
LH3503,과학자 문학,,LH3503,,인문사회과학부,literature_history,,,,literature_history,,,,,과학자 문학,
MA3207,재료전기화학,,MA3207,,에너지공학과|신소재공학과,energy|material,,,,energy|material,,,,,재료전기화학,
MA4218,표면물리화학,,MA4218,,신소재공학과,material,,,,material,,,,,표면물리화학,
MB3766,(MOOC 지정) 인지심리학 및 실험,,MB3766,,인문사회과학부,MOOC|mind_behavior,3,3,0,mind_behavior,TRUE,,,49,(MOOC 지정) 인지심리학 및 실험,
MC3209,창의공학,,MC3209,,기계로봇공학과,mechanical,,,,mechanical,,,,,창의공학,
MC3216,자동제어,Automatic Control,MC3216,MC4216,에너지공학과,energy,3,3,0,energy,,,"자동제어는 제어이론 중에 처음으로 듣게 되는 과목으로 주로 연속시간 제어 시스템의 해석과 설 계를 다룬다. 특히 수업에서는 라플라스 변환, 시스템의 모델링, 초기 및 안정된 반응의 해석, 루 트로커스 해석 및 이를 이용한 제어 시스템 설계, 주파수 반응의 해 석 및 이를 이용한 제어시스 템 설계 등을 다룬다. 이 과목을 통해서 학생들은 자동주행 자동차나, 무인항공기 및 로봇 등의 동적 시스템 제어기 설계에 필요한 간단하면서도 유용한 방법을 배우게 된다.",166,자동제어,Automatic Control
MC4204,로봇공학,Robotics,MC4204,IR4205,지능로봇 부전공,robot,3,2,2,robot,TRUE,,"로봇에 필요한 전반적인 이론들과 Actuator, Design, 센서, 동역학, 제어, AI, Navigation 등의 기술 이 소개된다. 로봇에 대 한 general view를 제공할 목적으로, 로봇 메커니즘뿐 아니라 관련 assistive technology (가령, 로봇을 위한 센싱과 액츄에이터, AI등을 활용한 로봇 intellingence)에 대해 학습한  다. 로봇 개발용 소프트웨어 프레임웍으로 이루어진 ROS(로봇 OS)를 주로 사용하며 6축 로봇 팔을 사 용한 다양한 응용(application)을 스스로 제작해보는 내용도 포함한다.",166,로봇공학,Robotics
MC4206,MEMS/NEMS 원리,Principles of MEMS/NEMS(Micro/Nano Electro Mechanical Systems),MC4206,,기계로봇공학과,mechanical,3,3,0,mechanical,,,"MEMS(Micro Electro Mechanical Systems) is one of the key technologies for man-machine interface in the 21st-century of information society. This course will deal with MEMS material, micro/nano fabrication process, electromechanical principles and applications as shown below. - Introduction to MEMS and materials properties - Microfabrication technologies and its principles - Micromechanics and scaling effects - Applications of micro sensor & actuator for IoT and mobile devices",167,MEMS/NEMS 원리,Principles of MEMS/NEMS(Micro/Nano Electro Mechanical Systems)
MD5002,의생명 연구방법론,,MD5002,,의생명공학과,biomedical,,,,biomedical,,,,,의생명 연구방법론,
MD5031,의공학,,MD5031,,의생명공학과,biomedical,,,,biomedical,,,,,의공학,
MD5051,기능해부생리학 I,,MD5051,,의생명공학과,biomedical,,,,biomedical,,,,,기능해부생리학 I,
MD5101,의과학,,MD5101,,의생명공학과,biomedical,,,,biomedical,,,,,의과학,
MD5304,바이오통계,,MD5304,,의생명공학과,biomedical,,,,biomedical,,,,,바이오통계,
MD5314,의료기기설계,,MD5314,,의생명공학과,biomedical,,,,biomedical,,,,,의료기기설계,
MD5601,의학기초 생화학,,MD5601,,의생명공학과,biomedical,,,,biomedical,,,,,의학기초 생화학,
MD6305,레이저와 생체조직 간의 상호작용,,MD6305,,의생명공학과,biomedical,,,,biomedical,,,,,레이저와 생체조직 간의 상호작용,
MD6310,신경광자학,,MD6310,,의생명공학과,biomedical,,,,biomedical,,,,,신경광자학,
MD6403,광유전학,,MD6403,,의생명공학과,biomedical,,,,biomedical,,,,,광유전학,
MD6504,지질대사,,MD6504,,의생명공학과,biomedical,,,,biomedical,,,,,지질대사,
MD6505,마이크로바이옴&정밀의학,,MD6505,,의생명공학과,biomedical,,,,biomedical,,,,,마이크로바이옴&정밀의학,
MM2001,다변수해석학과 응용,Multivariable Calculus and Applications,MM2001,GS2001,수리과학과,math,3,3,1,math,,,"다변수 함수/벡터함수의 미적분학을 다루며, 기본개념 및 응용을 다룬다. 벡터함수의 연속성, 미분가능 성, 방향미분, 기하학적 구조해석을 기본으로 하여 다중적분, 선적분, 면적분에 관한 이론을 이해한다. 학생들은 이 과목을 통해 추상적인 개념을 정립하고 수학적 엄밀성을 높인 기초적인 증명방법을 배울 수 있다.",149,다변수해석학과 응용,Multivariable Calculus and Applications
MM2002,미분방정식과 응용,Differential Equations and Applications,MM2002,GS2002,수리과학과,math,3,3,1,math,TRUE,TRUE,"이 교과에서는 수학 및 공학의 필수인 미분방정식의 정립 및 풀이와 자연과학 및 공학에의 응용에 대하 여 공부한다. 상미분방정식의 해의 존재 및 단일성, 선형미분방정식 및 선형 연립 미분방정식, 라플라스 변환방법, 푸리에 시리즈; 편미분 방정식의 개요 및 수치 해석적 풀이 등에 대하여 배운다.",149,미분방정식과 응용,Differential Equations and Applications
MM2004,선형대수학과 응용1,Introduction to Linear Algebra and Applications 1,MM2004,GS2004,수리과학과,math,3,3,1,math,TRUE,TRUE,"선형대수학은 수학교과의 기본 필수 과목이며 미적분학과 더불어 이공계 전공 학부의 필수 과목이다. 이 강좌에서는 선형대수의 기본 개념인 벡터 공간과 이들 사이의 선형변형 및 이를 나타내는 행렬에 관한 이론을 심도 있게 배우고 기하학, 미분방정식 외 신호처리, 제어이론 등 공학 전공에서의 응용과 활용을 배운다.",149,선형대수학과 응용1,Introduction to Linear Algebra and Applications 1
MM2701,확률과 통계,Probability and Statistics,MM2701,GS2008|GS3015|MM3015,AI융합학과|수리과학과,ai|math,3,3,0,ai|math,TRUE,,"“확률과 통계” (또는 “기초통계학”) - 이 과목에서는 대학 과정 이수에 필요한 정성적/정량적 자료 분석 을 위한 통계적 사고의 기초를 학습한다. 또한 수학, 통계학, 또는 계량적 분석을 많이 요구하는 학문을 전공하고자 하는 학생들에게는 과학적 분석방법의 수리적 토대를 갖추도록 하여 상위 교과목을 수강할 수 있는 능력을 기르도록 한다.",149,확률과 통계,Probability and Statistics
MM3101,현대대수학1,Abstract Algebra 1,MM3101,GS4004|MM4004,수리과학과,math,3,3,0,math,TRUE,,"이 과목은 현대대수학의 기본 개념이 되는 group theory, ring theory, 그리고 field theory에 대하여 배운다. 추상화를 좀 더 체계적으로 배우는 과목이며 여러 다른 분야에서 쓰이고 있는 group(군)이나 field(체)의 응용에 대해서 소개한다.",150,현대대수학1,Abstract Algebra 1
MM3201,해석학과 응용,Real Analysis and Applications,MM3201,GS3001|MM3001,수리과학과,math,3,3,0,math,TRUE,,"실함수론의 체계적인 내용을 다루는 교과과정으로, 실수의 체계, 실함수의 극한, 연속, 미분, 적분과 리 만적분 외의 내용을 배운다. ε - δ 을 이용한 정리의 증명을 이해하고 해석학의 근본 개념을 배운다. 이 교과를 통하여 수학적/해석적 논리를 전개하고 증명을 독해/ 작문의 능력을 키운다. 더불어, 실함수 해 석학으로 가능한 응용을 학습한다.",150,해석학과 응용,Real Analysis and Applications
MM3203,복소함수학 및 응용,Complex Analysis and Applications,MM3203,MM4002,수리과학과,math,3,3,0,math,TRUE,,"이 과목은 복소수와 복소함수의 기초를 배우는 과정이다. 복소해석학은 수론, 응용수학을 포함한 수학의 여러 분야뿐 아니라 물리학에서도 응용을 찾을 수 있다. 이 과목에서는 복소수의 연산을 기반으로 여러 종류의 복소변수 함수와 그 연속성, 미분성, 해석적 등의 정의를 학습하며 테일러 급수, 로랑 급수, 리우 빌의 정리, 코시 정리, 해석적 접속, 리만 사상 정리 등 복소해석학의 가장 중요한 결과들을 익히고 푸리 에 변환등 복소함수의 적분과 의미, 응용에 대해 배운다.",150,복소함수학 및 응용,Complex Analysis and Applications
MM3601,과학계산 프로그래밍,Scientific Programming,MM3601,MM4005,수리과학과,math,3,3,0,math,,,"이 과목은 기본적인 프로그래밍 언어(C, C++ 언어 등)를 배운 후에, 계산과학을 수행하는 데 필요한 고 성능 계산(High Performance Computing)을 위한 UNIX OS의 기본적 이해, 가시화, 등 과학계산 환경 과 몇 가지 실례를 통해 과학계산 프로그래밍 기초를 배운다.",151,과학계산 프로그래밍,Scientific Programming
MM3602,매스매티카와 기호계산,Mathematica & Symbolic Computing,MM3602,GS4017|MM4017,수리과학과,math,3,3,1,math,,,"이 과목에서는 Mathematica를 이용한 기호 계산과 이를 응용하여 수학, 과학 및 공학에서 흔히 접하게 되는 다양한 문제의 해법을 익힌다. 주요 주제로는 공식의 변환, 방정식 해법, 미분학, 벡터 해석, 이산 수학, 연산자 해석, 비쥬얼 및 그래픽스 등이 있다. 이를 바탕으로 기호 계산을 응용하여 연결된 시스템 이론, 전자기학, 신호 처리 등을 다룬다.",151,매스매티카와 기호계산,Mathematica & Symbolic Computing
MM3603,수학적 모델링,Mathematical Modeling for Engineers,MM3603,GS3012|MM3012,수리과학과,math,2,3,3,math,,,"자연 현상을 설명하고 예측하기 위해 수학적 개념과 언어를 활용해 체계를 개발하는 과정을 수학적 모델 링(Mathematical Modelling)이라고 한다. 본 강의에서는 미분방정식, 선형대수학, 확률의 공학적 응용을 여러 분야의 문제에 집중하여 다룬다. 보다 고급 수준의 수학적 모델링에는 차원 해석, 스케일, 근사, 모 델 검증, 라플라스 변환 등이 포함된다.",151,수학적 모델링,Mathematical Modeling for Engineers
MM3750,열역학 및 통계물리,Thermodynamics and Statistical Physics,MM3750,PS3105,물리·광과학과,physical_optics,3,3,0,physical_optics,,,"이 강의는 학생들이 열역학 및 통계물리학과 관련된 자연 현상을 이해하도록 돕는 것을 목표로 한다.다 루는 주제로는 열기관, 열역학 법칙, 고전 및 양자 입자의 통계적 앙상블 이론 등이 포함된다.",151,열역학 및 통계물리,Thermodynamics and Statistical Physics
MM4016,위상수학 개론,,MM4016,,수리과학과,math,,,,math,,,,,위상수학 개론,
MM4201,확률론,Measure and Probability Theory,MM4201,GS4019|MM4019,수리과학과,math,3,3,0,math,,,"이 과목은 측도론을 기반으로 하여 확률 이론을 배우는 과정이다. 확률의 명확한 이해를 위해 측도론의 학습이 필수적이며, 기본적인 측도론을 먼저 배우고 이를 확률공간에 적용하여 다양한 성질들을 유도하 고 관련된 응용을 소개한다.",151,확률론,Measure and Probability Theory
MM4302,기하학,I Geometry I,MM4302,GS4007|MM4007,수리과학과,math,3,3,0,math,,,"이 강의는 주로 3학년 학생들과 학업이 우수한 2학년 학생들을 대상으로 한다. 유클리드 기하학과 비유 클리드 기하학을 이해하기 위해서는 미적분학과 선형대수학에 대한 지식이 강력히 권장되며, 미분방정식 과 대칭군에 대한 지식이 있다면 도움이 될 것이다.",152,기하학,I Geometry I
MM4402,그래프 이론,Graph Theory,MM4402,MM4009,수리과학과,math,3,3,0,math,TRUE,,"이 과목에서는 컴퓨터이론과 네트워크 이론의 토대가 되는 그래프의 여러 가지 수학적 성질에 대하여 배 운다. 그래프와 그에 관련한 여러 가지 기본 개념들, 트리구조, Matching, Factor, Connectivity, Coloring, Planar Graphs, Ramsey Theory등을 엄밀한 증명을 토대로 배우며 Algebraic method, probabilistic method와 같은 방법론도 공부한다. 또한, 실제로 응용되는 분야의 example도 다룬다.",152,그래프 이론,Graph Theory
MM4501,정수론과 응용,Elementary and Analytic Number Theory and Applications,MM4501,GS4006|MM4006,수리과학과,math,3,3,0,math,TRUE,,"이 과목은 전통적인 기초정수론의 기본 개념과 응용, 그리고 소수정리의 바탕이 되는 해석적 정수론의 기초를 학습한다.",153,정수론과 응용,Elementary and Analytic Number Theory and Applications
MM4601,수리과학 주제를 위한 매스매티카,Mathematica for Topics in Mathematical Sciences,MM4601,GS4018|MM4018,수리과학과,math,3,3,1,math,,,"The aim of the course is understanding the topics in mathematical sciences and the application of Mathematica including the symbolica package. At the end of each topic, students are required to solve given problems using Mathematica and present the solutions. The first topic is the modelling in mathematical biology, namely Keller Segel model in chemotaxis. The second topic is simple models in general relativity descibed using differential geometry. The third topic is fluid dynamics, aiming to understand the Navier Stokes equation which is regarded as the most challenging PDE. To understand these topics, knowledges in vector calculus and differential equations are required.",153,수리과학 주제를 위한 매스매티카,Mathematica for Topics in Mathematical Sciences
MM4602,과학계산,Scientific Computing,MM4602,GS4015|MM4015|PH5107,수리과학과,math,3,3,0,math,,,"본 강좌는 자연과학과 공학 전공 학생들 중 계산과학에 관심이 있는 학생들이 선택할 수 있는 수학 기 초과목들 중 선택 과목이다. 과학계산 과목은 일명 수치해석이라고도 불린다. 계산과학의 수학적 언어인 과학계산의 소개로부터 시작하여 필수적 개념, 응용 문제들을 다룬다. 과학계산의 기본 문제들인 유한요 소법의 초기치 문제, 경계치 문제, 연립 선형방정식 풀이방법, 비선형 문제 등에 대하여 학습한다. 추가 로 유한요소법 외에 확률론적 방법론인 몬테카알로(Monte Carlo)를 소개한다.",153,과학계산,Scientific Computing
MM4603,몬테카를로 방법론과 응용,Monte Carlo Methods and their Applications,MM4603,MM4008,수리과학과,math,3,3,0,math,TRUE,,"이 과목은 과학계산 과목의 심화 과목으로 나노 시대에 필요한 (동력학적) 몬테카를로 방법론 기초, 그리 고 그 방법론의 특성과 여러 실레를 통한 몬테카를로 과학 연구 응용에 대해 공부한다.",153,몬테카를로 방법론과 응용,Monte Carlo Methods and their Applications
PP2703,"세계화와 발전 : 세계의 정치, 경제, 문화 지형",,PP2703,,인문사회과학부,law_politics,3,3,0,law_politics,,,,48,"세계화와 발전 : 세계의 정치, 경제, 문화 지형",
PP2761,인권법: 현대사회의 인권 문제들,,PP2761,,인문사회과학부,law_politics,3,3,0,law_politics,,,,48,인권법: 현대사회의 인권 문제들,
SS3767,(MOOC 지정) 인공지능 로봇의 윤리,,SS3767,,인문사회과학부,MOOC|science_society,3,3,0,science_society,,,,49,(MOOC 지정) 인공지능 로봇의 윤리,
SS3802,과학자 문학,,SS3802,,인문사회과학부,science_society,3,3,0,science_society,TRUE,,,49,과학자 문학,
TBD_DIFFGEO,미분기하학 (편성 예정),,,,수리과학과,math,,,,math,,,,,미분기하학 (편성 예정),
과목코드 미정,CT의 이해,,,,문화기술 부전공,culture,,,,culture,,,,,CT의 이해,
편성예정,암호학 (편성 예정),,,,인문사회과학부|수리과학과,economics|law_politics|literature_history|math|mind_behavior|science_society,,,,economics|law_politics|literature_history|math|mind_behavior|science_society,,,,,암호학 (편성 예정),
